595.99,2-3 Weeks
664.69,3-4 Weeks
409.07,10-12 Days
267.06,24 Hours
3.68,1-2 Days
829.77,24 Hours
589.97,10-12 Days
856.78,2-3 Weeks
504.73,10-12 Days
103.51,10-12 Days
451.78,10-12 Days
902.62,24 Hours
194.31,2-3 Weeks
225.22,2-3 Weeks
337.67,1-2 Months
840.49,1-2 Days
992.19,3-4 Weeks
606.48,24 Hours
810.89,2-3 Weeks
849.35,24 Hours
101.01,2-3 Weeks
465.39,1-2 Days
981.93,24 Hours
670.16,1-2 Days
420.09,1-2 Months
504.61,3-4 Weeks
527.71,3-4 Weeks
597.86,3-4 Weeks
929.5,24 Hours
353.52,10-12 Days
658.35,5-7 Days
821.29,2-3 Weeks
413.49,24 Hours
267.55,1-2 Months
20.43,1-2 Months
665.13,2-3 Weeks
701.01,5-7 Days
163.35,1-2 Days
515.51,3-4 Weeks
149.44,24 Hours
276.17,2-3 Weeks
551.42,24 Hours
262.39,5-7 Days
771.42,1-2 Months
336.74,3-4 Weeks
354.18,10-12 Days
156.8,5-7 Days
599.75,3-4 Weeks
661.31,2-3 Weeks
154.3,5-7 Days
498.2,24 Hours
926.53,24 Hours
805.56,1-2 Days
588.77,1-2 Months
506.08,1-2 Months
780.44,10-12 Days
270.16,24 Hours
846.49,24 Hours
35.47,10-12 Days
853.49,1-2 Days
668.63,10-12 Days
8.43,3-4 Weeks
258.52,2-3 Weeks
463.97,10-12 Days
869.66,1-2 Months
325.95,1-2 Months
364.44,1-2 Months
98.62,10-12 Days
552.38,3-4 Weeks
707.4,24 Hours
712.44,5-7 Days
292.93,3-4 Weeks
254.29,24 Hours
725.61,10-12 Days
484.47,3-4 Weeks
940.72,24 Hours
556.66,24 Hours
103.84,24 Hours
31.23,2-3 Weeks
391.15,24 Hours
347.49,5-7 Days
656.51,1-2 Days
416.06,1-2 Months
483.02,5-7 Days
600.49,5-7 Days
256.72,1-2 Months
811.48,1-2 Months
205.3,1-2 Days
650.32,24 Hours
576.37,1-2 Days
706.81,10-12 Days
649.56,5-7 Days
109.9,10-12 Days
46.86,2-3 Weeks
752.94,2-3 Weeks
364.29,5-7 Days
128.4,24 Hours
911.83,1-2 Months
786.74,1-2 Days
911.09,5-7 Days
353.63,1-2 Months
604.56,1-2 Days
690.71,2-3 Weeks
350.94,10-12 Days
988.18,10-12 Days
489.69,2-3 Weeks
178.82,1-2 Months
186.18,24 Hours
831.04,5-7 Days
152.64,3-4 Weeks
128.92,10-12 Days
97.38,10-12 Days
543,10-12 Days
88.01,10-12 Days
436.52,2-3 Weeks
718.87,2-3 Weeks
550.63,3-4 Weeks
61.97,24 Hours
642.85,1-2 Days
885.57,3-4 Weeks
896.25,2-3 Weeks
622.66,3-4 Weeks
125.17,1-2 Days
891.68,2-3 Weeks
782.27,24 Hours
599.66,2-3 Weeks
90.88,1-2 Days
329.74,2-3 Weeks
435.45,5-7 Days
596.88,24 Hours
868.17,2-3 Weeks
599.78,10-12 Days
986.36,2-3 Weeks
821.29,24 Hours
973.01,2-3 Weeks
397.01,10-12 Days
641.43,10-12 Days
923.51,2-3 Weeks
672.91,2-3 Weeks
228.57,1-2 Months
918.54,10-12 Days
536.51,3-4 Weeks
206.76,1-2 Days
980.9,3-4 Weeks
843.14,1-2 Months
94.67,1-2 Months
325.96,2-3 Weeks
691.23,1-2 Months
614.36,24 Hours
95.84,5-7 Days
554.63,3-4 Weeks
121.34,10-12 Days
520.37,24 Hours
216.69,24 Hours
201.68,1-2 Days
665.02,24 Hours
108.31,10-12 Days
997.43,2-3 Weeks
82.24,24 Hours
882.92,2-3 Weeks
420.92,3-4 Weeks
714.89,2-3 Weeks
617.62,3-4 Weeks
476.24,24 Hours
277.4,3-4 Weeks
419.39,1-2 Days
808.68,3-4 Weeks
939.89,1-2 Months
523.46,24 Hours
79.72,3-4 Weeks
666.14,10-12 Days
106.9,10-12 Days
847.73,10-12 Days
991.11,1-2 Days
495.96,2-3 Weeks
905.95,24 Hours
461.01,24 Hours
833.53,24 Hours
360.22,1-2 Months
144.96,10-12 Days
169.19,5-7 Days
103.41,1-2 Months
968.24,1-2 Days
404.68,24 Hours
797.82,24 Hours
269.85,5-7 Days
841.79,3-4 Weeks
834.97,2-3 Weeks
523.54,5-7 Days
344.36,5-7 Days
726.57,24 Hours
317.7,1-2 Months
436.44,1-2 Months
390.04,10-12 Days
739.36,3-4 Weeks
830.93,3-4 Weeks
781.22,10-12 Days
835.95,1-2 Months
875.97,24 Hours
673.69,24 Hours
454.52,3-4 Weeks
590.11,24 Hours
878.53,5-7 Days
736.7,24 Hours
399.24,10-12 Days
806.33,2-3 Weeks
375.87,5-7 Days
276.73,1-2 Months
14.59,24 Hours
346.88,2-3 Weeks
625.85,5-7 Days
218.4,1-2 Days
122.15,1-2 Days
881.27,5-7 Days
418.15,1-2 Months
114.06,2-3 Weeks
197.98,10-12 Days
44.84,10-12 Days
913.28,1-2 Months
321.57,24 Hours
708.45,5-7 Days
119.31,1-2 Months
910.44,5-7 Days
11.4,10-12 Days
697.07,24 Hours
111.28,2-3 Weeks
652.12,1-2 Months
359.91,24 Hours
562.91,3-4 Weeks
564.08,2-3 Weeks
656.63,24 Hours
210.99,2-3 Weeks
407.14,1-2 Months
746.69,1-2 Days
465.78,5-7 Days
965.42,10-12 Days
101.04,10-12 Days
361,1-2 Days
2.03,24 Hours
904.94,3-4 Weeks
476.16,5-7 Days
915.12,24 Hours
455.46,1-2 Days
98.78,10-12 Days
268.93,1-2 Days
548.52,5-7 Days
164.11,1-2 Days
227.15,5-7 Days
163.78,24 Hours
924.32,5-7 Days
333.47,2-3 Weeks
718.64,2-3 Weeks
214.35,10-12 Days
542.86,2-3 Weeks
8.95,3-4 Weeks
298.11,2-3 Weeks
581.68,24 Hours
678.93,24 Hours
193.62,1-2 Days
94.56,1-2 Days
534.57,1-2 Days
414.41,3-4 Weeks
806.64,2-3 Weeks
332.46,2-3 Weeks
601.02,1-2 Months
140.67,2-3 Weeks
645.34,5-7 Days
250.59,2-3 Weeks
393.68,3-4 Weeks
222.23,24 Hours
886.79,3-4 Weeks
78.81,1-2 Months
735.38,3-4 Weeks
797.16,1-2 Days
350.34,24 Hours
582.06,3-4 Weeks
623.07,10-12 Days
778.32,24 Hours
320.38,24 Hours
209.72,10-12 Days
407.63,3-4 Weeks
560.02,2-3 Weeks
288.79,24 Hours
675.97,5-7 Days
950.83,2-3 Weeks
209.29,3-4 Weeks
533.72,2-3 Weeks
482.83,1-2 Days
495.96,3-4 Weeks
41.27,3-4 Weeks
388.68,5-7 Days
819.79,1-2 Months
84.94,5-7 Days
630.25,24 Hours
445.33,2-3 Weeks
200.4,2-3 Weeks
874.44,1-2 Months
958.53,24 Hours
645.43,10-12 Days
41.82,5-7 Days
805.73,2-3 Weeks
824.85,1-2 Months
172.89,3-4 Weeks
685.01,24 Hours
329.16,10-12 Days
601.78,1-2 Days
376.17,24 Hours
642.31,10-12 Days
487.58,3-4 Weeks
940.02,5-7 Days
452.03,5-7 Days
780.58,5-7 Days
946.83,1-2 Days
793.11,3-4 Weeks
709.87,1-2 Months
520.22,5-7 Days
470.82,2-3 Weeks
709.56,2-3 Weeks
220.44,10-12 Days
149.59,1-2 Months
235.86,24 Hours
701.58,2-3 Weeks
878.61,3-4 Weeks
533.89,1-2 Months
764.95,3-4 Weeks
232.66,3-4 Weeks
731,24 Hours
749.68,10-12 Days
597.44,1-2 Days
817.38,3-4 Weeks
690.84,24 Hours
331.47,1-2 Days
817.75,5-7 Days
255.69,24 Hours
575.05,2-3 Weeks
418.11,10-12 Days
103.81,1-2 Days
860.5,10-12 Days
908.46,24 Hours
75.17,2-3 Weeks
755.98,2-3 Weeks
316.39,1-2 Days
650.48,3-4 Weeks
542.77,24 Hours
49.8,10-12 Days
542.41,5-7 Days
658.08,3-4 Weeks
963.92,24 Hours
280.74,2-3 Weeks
333.28,2-3 Weeks
719.55,1-2 Days
253.24,1-2 Months
26.96,10-12 Days
863.91,1-2 Days
337.15,24 Hours
217.94,2-3 Weeks
150.41,10-12 Days
790.51,5-7 Days
998.15,24 Hours
563.12,24 Hours
560.82,5-7 Days
586.2,24 Hours
567.07,3-4 Weeks
87.59,3-4 Weeks
935.9,1-2 Days
942.13,1-2 Months
397.08,1-2 Months
153.53,1-2 Days
567.1,1-2 Months
181.53,10-12 Days
759.52,3-4 Weeks
126.46,3-4 Weeks
199.65,5-7 Days
40.87,24 Hours
506.95,1-2 Months
107.29,5-7 Days
210.62,24 Hours
819.97,1-2 Days
703.08,10-12 Days
357.81,10-12 Days
306.94,1-2 Days
205.57,24 Hours
423.03,10-12 Days
855.95,3-4 Weeks
752.94,2-3 Weeks
569.69,3-4 Weeks
386.4,1-2 Days
332.66,2-3 Weeks
427.97,1-2 Days
928.48,2-3 Weeks
511.03,1-2 Days
424.14,1-2 Days
347.76,10-12 Days
136.91,3-4 Weeks
262.67,24 Hours
297.68,3-4 Weeks
953.76,1-2 Days
533.25,5-7 Days
196.1,1-2 Months
562.07,2-3 Weeks
935.5,2-3 Weeks
379.1,3-4 Weeks
226.48,5-7 Days
482.17,10-12 Days
992.96,1-2 Months
920.26,1-2 Months
301.74,10-12 Days
243.64,2-3 Weeks
413.5,24 Hours
815.59,10-12 Days
749.51,2-3 Weeks
90.8,1-2 Days
245.55,10-12 Days
997.33,1-2 Days
684.61,1-2 Months
556.7,1-2 Months
471.06,24 Hours
594.32,1-2 Days
202.36,24 Hours
702.49,1-2 Days
598.84,10-12 Days
209.54,24 Hours
998.43,5-7 Days
252.05,1-2 Months
700.57,3-4 Weeks
280.99,5-7 Days
508.19,2-3 Weeks
794.26,10-12 Days
253.98,2-3 Weeks
636.74,2-3 Weeks
898.86,5-7 Days
454.19,10-12 Days
80.96,1-2 Months
990.38,3-4 Weeks
586.96,3-4 Weeks
28.68,10-12 Days
332.9,2-3 Weeks
388.59,2-3 Weeks
777.23,3-4 Weeks
459.59,5-7 Days
575.34,1-2 Days
634.24,2-3 Weeks
825.19,5-7 Days
361.12,10-12 Days
75.41,3-4 Weeks
562.03,2-3 Weeks
294.09,1-2 Days
649.69,10-12 Days
163.71,2-3 Weeks
415.52,24 Hours
585.08,10-12 Days
684.94,1-2 Days
168.11,1-2 Months
116.62,24 Hours
625.05,24 Hours
784.45,3-4 Weeks
269.84,3-4 Weeks
837.28,1-2 Months
298,1-2 Months
267.25,5-7 Days
74.82,3-4 Weeks
520.11,3-4 Weeks
734,24 Hours
121.64,1-2 Days
716.19,5-7 Days
455.38,2-3 Weeks
896.3,3-4 Weeks
698.9,2-3 Weeks
961.33,24 Hours
39.82,2-3 Weeks
933.55,10-12 Days
844.32,1-2 Months
989.22,5-7 Days
265.67,24 Hours
734.34,1-2 Days
93.83,3-4 Weeks
157.05,24 Hours
542.32,1-2 Months
736.45,24 Hours
84,5-7 Days
500.57,2-3 Weeks
941.84,10-12 Days
151.67,3-4 Weeks
685.75,1-2 Days
644.61,5-7 Days
396.73,3-4 Weeks
410.56,3-4 Weeks
404.19,1-2 Months
832.04,5-7 Days
590.77,5-7 Days
537.39,1-2 Months
118.26,1-2 Months
280.91,1-2 Days
429.82,5-7 Days
828.89,24 Hours
209.62,1-2 Months
676.08,5-7 Days
991.15,2-3 Weeks
465.08,10-12 Days
555,1-2 Months
933.27,10-12 Days
679.05,3-4 Weeks
386.14,1-2 Months
728.1,10-12 Days
317.64,3-4 Weeks
918.04,5-7 Days
823.57,10-12 Days
555.72,2-3 Weeks
782.41,1-2 Months
884.71,10-12 Days
744.35,1-2 Days
132.02,10-12 Days
705.89,5-7 Days
861.58,1-2 Months
531.31,2-3 Weeks
192.25,1-2 Days
969.12,5-7 Days
94.99,10-12 Days
376.21,5-7 Days
85.05,24 Hours
354.74,2-3 Weeks
985.92,5-7 Days
955.08,10-12 Days
386.84,5-7 Days
67.52,1-2 Days
885.99,1-2 Months
633.95,1-2 Months
24.52,1-2 Days
570.31,1-2 Days
54.63,1-2 Months
505.07,24 Hours
970.52,24 Hours
573.73,3-4 Weeks
179,1-2 Days
920.5,24 Hours
864.8,5-7 Days
418.39,1-2 Months
55.8,24 Hours
284.15,1-2 Days
10.25,24 Hours
536.75,1-2 Days
965.88,24 Hours
368.82,1-2 Months
286.68,1-2 Days
578.28,2-3 Weeks
933.34,2-3 Weeks
769.04,2-3 Weeks
723.39,5-7 Days
25.25,10-12 Days
888.2,1-2 Days
56.59,10-12 Days
771.83,3-4 Weeks
900.75,5-7 Days
545.65,1-2 Days
390.21,1-2 Days
238.65,5-7 Days
42.64,10-12 Days
741.4,10-12 Days
683.2,10-12 Days
205.16,1-2 Days
736.98,1-2 Months
13.12,2-3 Weeks
512.51,1-2 Months
891.11,24 Hours
631.19,2-3 Weeks
816.99,24 Hours
790.89,1-2 Months
225.58,24 Hours
214.81,1-2 Days
637.35,2-3 Weeks
262.46,1-2 Months
513.35,24 Hours
850.39,2-3 Weeks
480.37,24 Hours
865.24,3-4 Weeks
15.94,10-12 Days
23.52,24 Hours
263.06,5-7 Days
697.49,1-2 Days
197.24,1-2 Days
172.29,2-3 Weeks
97.69,1-2 Days
537.74,5-7 Days
778.02,3-4 Weeks
851.2,10-12 Days
713.6,1-2 Days
18.72,10-12 Days
694.48,3-4 Weeks
581.49,24 Hours
169.92,24 Hours
383.86,1-2 Days
939.71,10-12 Days
369.1,3-4 Weeks
515.47,10-12 Days
833.33,3-4 Weeks
168.87,5-7 Days
805.9,3-4 Weeks
267.74,5-7 Days
579.41,1-2 Days
127.97,1-2 Days
787.7,3-4 Weeks
467.94,24 Hours
329.32,24 Hours
293.63,3-4 Weeks
789.41,1-2 Days
253.44,24 Hours
923.42,24 Hours
584.5,1-2 Months
78.88,1-2 Days
860.49,2-3 Weeks
291.2,1-2 Days
41.36,2-3 Weeks
66.46,5-7 Days
761.33,24 Hours
735.72,24 Hours
368.22,3-4 Weeks
274.92,3-4 Weeks
908.67,1-2 Days
972.57,5-7 Days
286.05,1-2 Days
854.28,2-3 Weeks
116.43,3-4 Weeks
622.11,1-2 Days
65.67,10-12 Days
296.44,1-2 Months
758.77,1-2 Months
120.55,1-2 Days
173.3,2-3 Weeks
825.71,24 Hours
999.6,24 Hours
523.26,5-7 Days
207.58,3-4 Weeks
828.09,10-12 Days
506.87,1-2 Days
147.47,24 Hours
853.14,24 Hours
309.51,1-2 Days
794.85,10-12 Days
788.34,5-7 Days
476.71,24 Hours
242.77,1-2 Days
614.41,2-3 Weeks
54.86,1-2 Days
678.12,10-12 Days
35.15,1-2 Days
136.67,5-7 Days
588.69,1-2 Days
293.42,10-12 Days
316.57,2-3 Weeks
95.64,2-3 Weeks
7.14,10-12 Days
156.19,3-4 Weeks
66.02,1-2 Days
827.69,5-7 Days
347.22,5-7 Days
241.03,1-2 Months
557.53,2-3 Weeks
391.79,3-4 Weeks
15.11,24 Hours
173.56,5-7 Days
967.96,1-2 Days
770.02,24 Hours
862.92,1-2 Days
849.32,5-7 Days
940.09,5-7 Days
107,10-12 Days
177.7,2-3 Weeks
658.92,2-3 Weeks
385.36,24 Hours
991.42,10-12 Days
736.24,2-3 Weeks
46.79,5-7 Days
856.88,10-12 Days
499.01,1-2 Months
537.7,1-2 Days
218.56,24 Hours
155.5,1-2 Days
748.79,3-4 Weeks
542.83,1-2 Days
147.92,2-3 Weeks
531.02,10-12 Days
141.24,10-12 Days
493.73,5-7 Days
125.3,10-12 Days
532.52,1-2 Days
638.05,1-2 Months
229.36,1-2 Months
253.23,3-4 Weeks
401.3,10-12 Days
485.21,1-2 Months
934.31,24 Hours
853.83,10-12 Days
980.45,24 Hours
154.63,10-12 Days
780.71,1-2 Months
369.86,1-2 Days
251.14,10-12 Days
174.93,1-2 Months
760.2,1-2 Months
777.51,1-2 Days
288.14,1-2 Days
831.3,1-2 Days
376.63,1-2 Days
178.1,1-2 Months
825.69,24 Hours
790.64,24 Hours
641.39,5-7 Days
71.02,5-7 Days
683.61,3-4 Weeks
294.55,5-7 Days
374.06,3-4 Weeks
244.78,24 Hours
766.88,1-2 Months
164.58,24 Hours
137.81,24 Hours
822.99,10-12 Days
527.93,3-4 Weeks
793.56,1-2 Days
302.69,5-7 Days
263.94,24 Hours
468.73,5-7 Days
876.01,5-7 Days
967.54,2-3 Weeks
623.84,3-4 Weeks
229.36,24 Hours
567.63,3-4 Weeks
880.26,1-2 Days
827.9,5-7 Days
504.41,2-3 Weeks
859.37,24 Hours
739.17,10-12 Days
472.04,2-3 Weeks
965.67,10-12 Days
584.21,24 Hours
265.26,3-4 Weeks
63.13,1-2 Months
135.35,1-2 Days
827.55,5-7 Days
475.95,3-4 Weeks
858.53,1-2 Months
744.13,5-7 Days
296.66,3-4 Weeks
754.46,5-7 Days
146.48,24 Hours
499.49,1-2 Days
434.29,3-4 Weeks
344.74,24 Hours
972.22,24 Hours
349.53,2-3 Weeks
522.02,10-12 Days
706.97,10-12 Days
255.24,5-7 Days
785.73,10-12 Days
928.03,2-3 Weeks
148.89,2-3 Weeks
901.96,1-2 Days
343.52,2-3 Weeks
982.79,5-7 Days
200.87,24 Hours
763.44,10-12 Days
216.5,24 Hours
88.43,24 Hours
685.46,2-3 Weeks
22.51,10-12 Days
530.98,3-4 Weeks
387.26,3-4 Weeks
198.85,5-7 Days
367.98,1-2 Days
962.78,1-2 Days
869.67,3-4 Weeks
500.18,24 Hours
457.45,10-12 Days
193.13,2-3 Weeks
69.53,3-4 Weeks
362.49,24 Hours
247.61,3-4 Weeks
680.28,10-12 Days
470.16,2-3 Weeks
793.7,2-3 Weeks
135.66,1-2 Months
657.02,3-4 Weeks
812.6,2-3 Weeks
984.2,2-3 Weeks
393.97,1-2 Days
161.06,3-4 Weeks
103.66,1-2 Days
486.97,1-2 Days
687.25,5-7 Days
610.52,1-2 Days
353.41,24 Hours
148.8,5-7 Days
736.9,1-2 Months
836.46,2-3 Weeks
416.76,1-2 Months
617.23,5-7 Days
928.67,1-2 Days
511.91,10-12 Days
928.46,1-2 Months
326.87,3-4 Weeks
635.93,2-3 Weeks
857.55,1-2 Months
309.15,10-12 Days
205.91,24 Hours
261.13,24 Hours
219.75,1-2 Months
771.75,3-4 Weeks
989.74,2-3 Weeks
492.33,2-3 Weeks
443.18,10-12 Days
488.67,1-2 Months
887.56,3-4 Weeks
796.07,2-3 Weeks
581.39,5-7 Days
959.1,3-4 Weeks
644.89,5-7 Days
214.85,2-3 Weeks
289.92,1-2 Months
674.11,1-2 Days
821.63,3-4 Weeks
893.43,1-2 Days
993.18,5-7 Days
537.83,3-4 Weeks
943,10-12 Days
279,1-2 Days
241.23,10-12 Days
992.91,3-4 Weeks
96.55,3-4 Weeks
56.62,3-4 Weeks
988.85,5-7 Days
862.15,5-7 Days
27.19,10-12 Days
123.37,1-2 Days
594.67,10-12 Days
398.54,1-2 Days
619.21,3-4 Weeks
907.73,10-12 Days
229.6,2-3 Weeks
638.56,3-4 Weeks
917.02,2-3 Weeks
347.92,2-3 Weeks
930.63,10-12 Days
881.91,1-2 Months
79.45,10-12 Days
289.05,2-3 Weeks
707.87,2-3 Weeks
187.96,10-12 Days
17.51,10-12 Days
475.98,1-2 Months
910.52,1-2 Months
781.1,1-2 Months
756.32,24 Hours
326.27,10-12 Days
821.76,1-2 Months
277.46,1-2 Months
352.95,10-12 Days
726.56,5-7 Days
123.96,10-12 Days
773.26,24 Hours
315.4,10-12 Days
468.64,5-7 Days
748.98,5-7 Days
205.48,10-12 Days
987.9,3-4 Weeks
980.08,1-2 Months
651.59,3-4 Weeks
534.83,10-12 Days
397.49,1-2 Days
184.84,24 Hours
591.2,5-7 Days
914.34,2-3 Weeks
536.5,2-3 Weeks
384.32,5-7 Days
917.05,1-2 Months
883.43,2-3 Weeks
881.56,3-4 Weeks
933.93,1-2 Days
184.14,1-2 Days
254.44,1-2 Months
527.44,5-7 Days
429.55,3-4 Weeks
879.84,24 Hours
895.25,1-2 Days
28.72,1-2 Days
276.26,3-4 Weeks
761.05,5-7 Days
157.27,1-2 Days
860.04,5-7 Days
47.35,10-12 Days
240.55,1-2 Months
932.85,2-3 Weeks
245.63,10-12 Days
183.05,3-4 Weeks
543.8,2-3 Weeks
454.14,1-2 Months
142.11,3-4 Weeks
19.72,24 Hours
303.65,5-7 Days
611.42,2-3 Weeks
167.43,1-2 Days
941.81,10-12 Days
942.69,1-2 Months
950.81,3-4 Weeks
711.27,2-3 Weeks
661.41,5-7 Days
239.36,3-4 Weeks
536.25,2-3 Weeks
175.58,1-2 Days
343.16,5-7 Days
166.23,1-2 Months
336.27,1-2 Months
713.3,1-2 Days
464.21,24 Hours
484.89,24 Hours
6.37,3-4 Weeks
129.27,1-2 Days
318.69,10-12 Days
265.83,24 Hours
452.27,1-2 Months
964.45,3-4 Weeks
742.21,10-12 Days
927.03,1-2 Months
66.6,5-7 Days
201.8,10-12 Days
460.77,1-2 Days
815.32,3-4 Weeks
883.54,5-7 Days
290.78,3-4 Weeks
807.93,1-2 Months
156.6,24 Hours
306.12,1-2 Months
750.04,1-2 Months
584.81,1-2 Days
738.92,3-4 Weeks
993.25,5-7 Days
424.43,1-2 Months
535.86,10-12 Days
819.65,3-4 Weeks
651.26,2-3 Weeks
244.16,2-3 Weeks
73.13,10-12 Days
722.15,1-2 Days
820.06,2-3 Weeks
186.64,5-7 Days
158.73,24 Hours
637.8,1-2 Days
370.52,1-2 Days
664.43,1-2 Days
549.16,3-4 Weeks
307.38,1-2 Days
322.43,10-12 Days
482.27,24 Hours
768.49,24 Hours
547.14,10-12 Days
812.89,10-12 Days
770.57,1-2 Months
170.93,3-4 Weeks
198,24 Hours
296.59,3-4 Weeks
38.61,1-2 Days
912.21,3-4 Weeks
937.61,1-2 Months
243.73,2-3 Weeks
448.87,24 Hours
2.96,24 Hours
555.8,3-4 Weeks
150.44,3-4 Weeks
835.28,10-12 Days
305.22,5-7 Days
407.07,2-3 Weeks
644.1,1-2 Days
629.03,10-12 Days
409.33,1-2 Days
406.34,10-12 Days
28.11,1-2 Days
56.94,5-7 Days
791.92,5-7 Days
338.43,3-4 Weeks
778.03,10-12 Days
38.78,24 Hours
993.55,1-2 Days
779.71,1-2 Days
164.73,1-2 Months
175.28,3-4 Weeks
264.45,3-4 Weeks
146.12,1-2 Months
575.95,5-7 Days
354.95,2-3 Weeks
788.16,10-12 Days
219.12,10-12 Days
695.93,2-3 Weeks
13.22,3-4 Weeks
784.27,1-2 Months
824.92,2-3 Weeks
286.13,10-12 Days
113.5,10-12 Days
422.89,3-4 Weeks
426.91,1-2 Months
755.78,10-12 Days
215.12,2-3 Weeks
360.55,1-2 Months
421.63,24 Hours
175.9,1-2 Months
891.71,2-3 Weeks
758.4,3-4 Weeks
195.77,3-4 Weeks
11.82,1-2 Months
402.09,24 Hours
812.11,10-12 Days
315.72,24 Hours
31.99,1-2 Months
956.56,3-4 Weeks
412.82,2-3 Weeks
533.07,2-3 Weeks
413.15,10-12 Days
929,24 Hours
629.9,1-2 Days
672.74,1-2 Days
985.73,5-7 Days
575.08,1-2 Days
529.72,5-7 Days
108.02,2-3 Weeks
394.46,3-4 Weeks
879.12,24 Hours
115.43,5-7 Days
563.11,2-3 Weeks
198.13,24 Hours
296.28,3-4 Weeks
69,10-12 Days
692.57,3-4 Weeks
454.47,10-12 Days
461.77,24 Hours
985.78,1-2 Months
411.69,1-2 Months
345.54,1-2 Days
238.24,1-2 Days
238.43,10-12 Days
114.71,1-2 Days
240.77,3-4 Weeks
308.57,2-3 Weeks
609.87,10-12 Days
493.7,1-2 Months
324.59,1-2 Months
401.9,2-3 Weeks
133.66,24 Hours
459.77,1-2 Months
776.11,2-3 Weeks
8.46,24 Hours
343.83,5-7 Days
73.45,1-2 Months
124.27,2-3 Weeks
136.09,5-7 Days
589.46,24 Hours
546.68,1-2 Months
617.86,1-2 Months
174.93,5-7 Days
161.32,5-7 Days
725.12,1-2 Days
89.48,2-3 Weeks
36.87,24 Hours
574.39,5-7 Days
692.51,1-2 Days
827.13,24 Hours
526.44,5-7 Days
834.65,2-3 Weeks
990.15,24 Hours
620.2,1-2 Months
284.36,2-3 Weeks
875.84,3-4 Weeks
307.84,3-4 Weeks
22.3,24 Hours
550.19,10-12 Days
119.12,2-3 Weeks
204.57,1-2 Months
121.44,1-2 Days
337.27,1-2 Days
795.97,24 Hours
840.69,2-3 Weeks
462.41,2-3 Weeks
259.24,10-12 Days
551.38,3-4 Weeks
387.03,24 Hours
326.24,1-2 Days
786.55,1-2 Days
933.95,10-12 Days
695.57,1-2 Days
487.14,3-4 Weeks
747.48,5-7 Days
110.72,5-7 Days
737.16,2-3 Weeks
193.24,5-7 Days
908.86,1-2 Months
181.83,3-4 Weeks
808.09,24 Hours
416.64,1-2 Months
390.62,5-7 Days
515.11,1-2 Days
508.79,24 Hours
787.56,3-4 Weeks
370.21,10-12 Days
818.49,1-2 Months
575.53,1-2 Months
976.03,1-2 Months
323.85,3-4 Weeks
384.68,24 Hours
127.26,10-12 Days
741.9,3-4 Weeks
142.59,1-2 Days
800.53,3-4 Weeks
537.58,1-2 Days
636.21,1-2 Days
158.49,5-7 Days
801.13,24 Hours
320.19,1-2 Days
636.64,5-7 Days
673.37,1-2 Months
868.34,5-7 Days
499.1,1-2 Days
28.94,1-2 Months
852.11,3-4 Weeks
912.89,3-4 Weeks
220.69,1-2 Months
812.58,3-4 Weeks
708.27,2-3 Weeks
158.44,3-4 Weeks
177.81,1-2 Months
162.29,10-12 Days
225.07,2-3 Weeks
450.7,5-7 Days
703.76,1-2 Months
141.34,24 Hours
600.66,5-7 Days
101.64,1-2 Months
136.13,5-7 Days
480.38,1-2 Months
681.57,3-4 Weeks
899.55,2-3 Weeks
810.13,5-7 Days
265.09,5-7 Days
63.36,24 Hours
659.46,5-7 Days
540.84,10-12 Days
609.01,10-12 Days
33.39,10-12 Days
292.51,3-4 Weeks
366.94,10-12 Days
664.67,3-4 Weeks
634.14,1-2 Months
177.04,24 Hours
691.04,2-3 Weeks
834.03,3-4 Weeks
226.82,1-2 Months
163.07,3-4 Weeks
730.26,10-12 Days
295.95,1-2 Months
335.79,10-12 Days
168.91,24 Hours
469.77,10-12 Days
304.85,24 Hours
23.67,5-7 Days
245.5,2-3 Weeks
578.63,5-7 Days
349.16,1-2 Days
455.47,3-4 Weeks
205.24,10-12 Days
819.15,2-3 Weeks
479.76,1-2 Months
476.08,2-3 Weeks
850.14,3-4 Weeks
522.07,10-12 Days
792.31,3-4 Weeks
432.36,10-12 Days
700.3,3-4 Weeks
50.16,1-2 Days
886.26,1-2 Months
643.06,3-4 Weeks
577.39,5-7 Days
540.38,1-2 Months
179.3,1-2 Days
224.83,5-7 Days
811.02,24 Hours
943.92,24 Hours
546.11,5-7 Days
425.4,1-2 Months
845.15,2-3 Weeks
768.16,1-2 Days
92.02,1-2 Months
167.35,5-7 Days
151.56,1-2 Months
670.29,2-3 Weeks
497.05,10-12 Days
407.61,2-3 Weeks
291.74,3-4 Weeks
747.52,10-12 Days
522.63,24 Hours
229.85,3-4 Weeks
930.49,1-2 Months
338.52,2-3 Weeks
187.7,5-7 Days
10.28,3-4 Weeks
464.15,10-12 Days
322.02,24 Hours
718.17,2-3 Weeks
802.35,24 Hours
388.56,1-2 Months
824.84,1-2 Months
858.43,1-2 Days
997.78,3-4 Weeks
274.39,10-12 Days
159.63,24 Hours
286.16,2-3 Weeks
141.38,24 Hours
433.55,3-4 Weeks
900.28,2-3 Weeks
405.66,10-12 Days
837.9,1-2 Days
51.54,5-7 Days
237.59,1-2 Days
815.54,5-7 Days
987.33,5-7 Days
831.12,2-3 Weeks
992.93,1-2 Days
609.58,24 Hours
63.04,10-12 Days
249.23,2-3 Weeks
103.63,3-4 Weeks
901.57,2-3 Weeks
674.82,1-2 Months
370.29,24 Hours
194.99,1-2 Months
429.53,2-3 Weeks
18.25,5-7 Days
896.22,1-2 Days
823.63,24 Hours
947.03,5-7 Days
907.69,1-2 Months
531.7,1-2 Days
886.61,5-7 Days
209.49,5-7 Days
121.57,5-7 Days
732.78,1-2 Days
636.27,10-12 Days
619.52,3-4 Weeks
838.25,10-12 Days
730.75,24 Hours
900.06,5-7 Days
217.22,2-3 Weeks
771.85,3-4 Weeks
722.16,3-4 Weeks
149.48,5-7 Days
198.1,10-12 Days
760.64,3-4 Weeks
476.04,24 Hours
986.42,10-12 Days
811.3,3-4 Weeks
144.11,1-2 Months
232.04,1-2 Days
298.18,1-2 Days
590.92,2-3 Weeks
760.84,10-12 Days
44.28,24 Hours
812.28,2-3 Weeks
251.68,10-12 Days
809.27,10-12 Days
728.96,2-3 Weeks
16.19,2-3 Weeks
684.39,2-3 Weeks
330.91,1-2 Days
268.89,10-12 Days
586.68,1-2 Days
334.96,5-7 Days
544.59,2-3 Weeks
720.43,10-12 Days
255.2,3-4 Weeks
907.03,2-3 Weeks
30.45,1-2 Days
692.32,24 Hours
479.96,1-2 Months
651.22,24 Hours
80.14,1-2 Months
537.39,1-2 Days
821.94,1-2 Days
174.81,1-2 Months
986.83,2-3 Weeks
90.04,1-2 Days
864.68,24 Hours
168.48,1-2 Days
444.22,3-4 Weeks
420.02,3-4 Weeks
245.95,5-7 Days
104.21,1-2 Days
289.77,24 Hours
898.7,1-2 Months
2.62,2-3 Weeks
350.5,1-2 Months
532.84,10-12 Days
443.91,1-2 Months
626.88,2-3 Weeks
471.04,1-2 Days
507.59,2-3 Weeks
176.08,1-2 Days
953.63,2-3 Weeks
211.92,1-2 Days
949.72,24 Hours
363.52,24 Hours
396.47,2-3 Weeks
551.01,1-2 Days
79.31,24 Hours
615.72,5-7 Days
170.71,1-2 Months
679.09,2-3 Weeks
579.65,2-3 Weeks
830.22,2-3 Weeks
576.8,5-7 Days
724.48,1-2 Months
770.19,24 Hours
424.64,24 Hours
742.95,3-4 Weeks
687.02,24 Hours
904.04,10-12 Days
299.54,5-7 Days
569.41,3-4 Weeks
791.71,2-3 Weeks
196.98,5-7 Days
417.66,5-7 Days
15.3,1-2 Days
279.84,3-4 Weeks
55.26,2-3 Weeks
308.32,3-4 Weeks
755.03,1-2 Months
559.63,5-7 Days
973.34,2-3 Weeks
599.8,2-3 Weeks
682.53,3-4 Weeks
954.72,10-12 Days
558.5,3-4 Weeks
770.36,10-12 Days
521.32,2-3 Weeks
653.52,24 Hours
587.65,24 Hours
133.52,10-12 Days
264.12,24 Hours
547.88,1-2 Months
737.33,1-2 Months
130.39,24 Hours
242.93,1-2 Days
600.47,10-12 Days
799.96,1-2 Days
702.48,5-7 Days
906.87,1-2 Months
563.18,10-12 Days
874.26,5-7 Days
997.26,24 Hours
658.25,2-3 Weeks
948.42,3-4 Weeks
654.9,1-2 Days
300.35,1-2 Months
200.52,10-12 Days
580.3,10-12 Days
648.55,10-12 Days
840.86,1-2 Months
355.77,10-12 Days
781.01,10-12 Days
257.37,5-7 Days
192.66,5-7 Days
696.48,2-3 Weeks
951.59,10-12 Days
662.43,5-7 Days
882.93,5-7 Days
508.99,10-12 Days
38.05,5-7 Days
487.66,3-4 Weeks
369.39,5-7 Days
157.45,2-3 Weeks
212.45,5-7 Days
95.09,2-3 Weeks
79.91,10-12 Days
654.73,24 Hours
287.72,5-7 Days
418.82,10-12 Days
206.13,1-2 Months
6.57,3-4 Weeks
4.13,5-7 Days
439.7,10-12 Days
324.74,3-4 Weeks
559.79,2-3 Weeks
288.06,3-4 Weeks
320.7,5-7 Days
964.38,24 Hours
937.9,10-12 Days
40.73,5-7 Days
792.09,24 Hours
490.04,1-2 Days
559.91,2-3 Weeks
124.33,5-7 Days
317.26,24 Hours
412.31,10-12 Days
818.94,1-2 Months
336.66,5-7 Days
1.35,1-2 Days
423.42,1-2 Days
688.65,3-4 Weeks
614.85,1-2 Months
407.73,10-12 Days
469.23,24 Hours
749.25,1-2 Days
862.52,2-3 Weeks
402.09,1-2 Days
306.19,1-2 Months
290.49,1-2 Days
578.28,24 Hours
907.69,24 Hours
688.64,3-4 Weeks
351.81,2-3 Weeks
657.47,2-3 Weeks
360.04,1-2 Days
102.52,1-2 Months
217.48,1-2 Months
962.76,2-3 Weeks
315.79,3-4 Weeks
107.63,10-12 Days
358.56,10-12 Days
690.38,24 Hours
529.42,24 Hours
278.43,2-3 Weeks
48.09,2-3 Weeks
988.41,24 Hours
217.88,5-7 Days
316.54,1-2 Months
66.71,10-12 Days
524.63,5-7 Days
799.72,10-12 Days
203.6,1-2 Days
566.82,5-7 Days
743.92,2-3 Weeks
177.73,1-2 Months
425.14,3-4 Weeks
460.69,5-7 Days
713.7,1-2 Days
412.36,10-12 Days
414.07,24 Hours
194.53,5-7 Days
318.17,10-12 Days
389.41,1-2 Days
368.41,1-2 Months
478.15,10-12 Days
33.4,5-7 Days
748.84,3-4 Weeks
932.78,1-2 Months
147.23,5-7 Days
237.83,24 Hours
202.51,10-12 Days
3.61,3-4 Weeks
672.14,5-7 Days
431.3,5-7 Days
715.57,10-12 Days
163.29,1-2 Days
482.83,24 Hours
27.4,2-3 Weeks
450.75,10-12 Days
826.02,2-3 Weeks
101.33,2-3 Weeks
11.17,1-2 Months
827.44,1-2 Days
169.24,2-3 Weeks
252.58,2-3 Weeks
803.18,1-2 Months
833.61,5-7 Days
983.11,5-7 Days
641.59,1-2 Days
479.4,24 Hours
618.58,10-12 Days
967.05,3-4 Weeks
652.07,1-2 Months
849.59,3-4 Weeks
902.36,10-12 Days
542.77,1-2 Months
575.29,2-3 Weeks
317.96,1-2 Months
927.45,1-2 Days
44.86,10-12 Days
236.83,2-3 Weeks
17.82,5-7 Days
815.63,10-12 Days
834.41,2-3 Weeks
746.18,24 Hours
920.7,24 Hours
823.75,2-3 Weeks
53.38,1-2 Months
363.51,1-2 Days
373.41,24 Hours
633.22,1-2 Days
88.98,24 Hours
588.68,1-2 Months
882.89,5-7 Days
518.18,24 Hours
499.7,3-4 Weeks
643.39,5-7 Days
186.86,2-3 Weeks
534,24 Hours
610.26,2-3 Weeks
446.37,5-7 Days
120.54,3-4 Weeks
418.19,5-7 Days
864.07,3-4 Weeks
978.84,10-12 Days
139.45,3-4 Weeks
650.63,24 Hours
97.45,1-2 Days
816.76,10-12 Days
599.01,10-12 Days
398.97,3-4 Weeks
423.9,2-3 Weeks
585.38,2-3 Weeks
748.14,3-4 Weeks
478.92,3-4 Weeks
988.97,3-4 Weeks
505.28,10-12 Days
456.52,2-3 Weeks
454.22,10-12 Days
733.25,3-4 Weeks
869.46,5-7 Days
424.14,1-2 Months
784.82,2-3 Weeks
472,24 Hours
699.65,1-2 Months
253.77,24 Hours
486.51,1-2 Days
196.14,3-4 Weeks
181.7,1-2 Months
681.45,5-7 Days
548.54,1-2 Days
880.84,10-12 Days
553.26,2-3 Weeks
69.34,3-4 Weeks
401.74,24 Hours
384.57,5-7 Days
93.19,5-7 Days
689.3,3-4 Weeks
663.71,24 Hours
330.25,2-3 Weeks
420.55,1-2 Months
696.1,2-3 Weeks
641.19,10-12 Days
808.95,10-12 Days
370.5,5-7 Days
270.85,1-2 Days
800.08,1-2 Days
475.33,3-4 Weeks
646.62,1-2 Days
887.77,2-3 Weeks
367.97,1-2 Days
638.29,2-3 Weeks
772.04,1-2 Days
61.34,1-2 Days
23.96,1-2 Days
715.43,5-7 Days
263.22,1-2 Months
15.39,3-4 Weeks
105.08,1-2 Days
845.68,2-3 Weeks
145.15,5-7 Days
528.32,5-7 Days
39.37,5-7 Days
634.45,24 Hours
201.12,24 Hours
935.47,10-12 Days
101.59,5-7 Days
786.16,24 Hours
90.7,1-2 Days
963.31,5-7 Days
904.83,3-4 Weeks
655.06,1-2 Days
647.1,3-4 Weeks
960.28,1-2 Months
187.67,3-4 Weeks
865.2,5-7 Days
64.46,2-3 Weeks
625.53,3-4 Weeks
20.85,5-7 Days
869.34,5-7 Days
213.5,3-4 Weeks
265.82,24 Hours
992.66,10-12 Days
837.48,24 Hours
605.35,2-3 Weeks
735.43,3-4 Weeks
746.83,2-3 Weeks
495.3,24 Hours
667.4,10-12 Days
283.93,2-3 Weeks
951.59,3-4 Weeks
940.41,1-2 Months
60.15,5-7 Days
698.04,24 Hours
716.22,1-2 Days
680.02,2-3 Weeks
984.54,5-7 Days
885.91,2-3 Weeks
432.49,3-4 Weeks
862.42,1-2 Days
515.85,10-12 Days
133.68,1-2 Days
118.44,5-7 Days
735.73,2-3 Weeks
17.26,10-12 Days
519.17,2-3 Weeks
602.2,2-3 Weeks
274.74,24 Hours
966.05,5-7 Days
880.6,2-3 Weeks
56.78,1-2 Days
933.02,2-3 Weeks
805.09,24 Hours
760.1,10-12 Days
440.37,3-4 Weeks
660.97,2-3 Weeks
67.47,1-2 Months
792.9,3-4 Weeks
965.3,2-3 Weeks
721.36,1-2 Days
87.26,1-2 Months
785.26,24 Hours
414.83,5-7 Days
396.14,1-2 Months
426.38,10-12 Days
639.77,1-2 Days
860.58,1-2 Months
185.33,24 Hours
258.73,10-12 Days
984.57,1-2 Days
219.49,5-7 Days
332.43,10-12 Days
907.69,2-3 Weeks
564.9,1-2 Months
338.88,5-7 Days
79.53,3-4 Weeks
776.88,5-7 Days
467.03,1-2 Months
332.53,1-2 Days
245.94,24 Hours
350.83,24 Hours
631.27,5-7 Days
468.03,2-3 Weeks
243.45,10-12 Days
72.98,10-12 Days
600.5,5-7 Days
41.85,1-2 Days
893.17,1-2 Days
579.43,2-3 Weeks
948.69,2-3 Weeks
669.74,2-3 Weeks
637.22,1-2 Days
748.16,5-7 Days
634.92,24 Hours
470.78,3-4 Weeks
352.5,1-2 Days
202.52,1-2 Months
982.6,24 Hours
881.53,2-3 Weeks
508.16,2-3 Weeks
738.6,3-4 Weeks
684.03,10-12 Days
500.44,24 Hours
405.55,5-7 Days
862.43,2-3 Weeks
852.38,1-2 Days
64.3,1-2 Days
807.72,10-12 Days
726.65,1-2 Months
580.59,1-2 Days
635.04,1-2 Months
41.91,2-3 Weeks
54.07,3-4 Weeks
926.31,10-12 Days
777.77,10-12 Days
131.88,2-3 Weeks
546.22,1-2 Days
242.13,2-3 Weeks
678.19,3-4 Weeks
895.26,2-3 Weeks
560.21,1-2 Days
331.65,3-4 Weeks
895.37,2-3 Weeks
865.96,10-12 Days
108.83,1-2 Days
395.53,10-12 Days
218.74,24 Hours
977.94,5-7 Days
101.56,5-7 Days
264.96,2-3 Weeks
832.46,1-2 Days
632.84,3-4 Weeks
186.05,10-12 Days
886.62,5-7 Days
210.17,3-4 Weeks
612.13,2-3 Weeks
875.66,1-2 Days
384.51,24 Hours
606.67,3-4 Weeks
444.94,5-7 Days
703.5,5-7 Days
214.84,10-12 Days
2.36,1-2 Months
105.28,1-2 Months
535.69,1-2 Months
266.91,2-3 Weeks
80.73,3-4 Weeks
652.25,1-2 Months
923.25,1-2 Days
587.88,5-7 Days
747.48,5-7 Days
229.44,5-7 Days
440.68,1-2 Months
887.03,5-7 Days
64.83,3-4 Weeks
537.15,1-2 Days
454.83,24 Hours
304.7,2-3 Weeks
575.72,1-2 Months
169.36,3-4 Weeks
775.9,24 Hours
622.09,3-4 Weeks
841.74,3-4 Weeks
6.08,3-4 Weeks
670.16,3-4 Weeks
160.27,10-12 Days
555.95,24 Hours
304.15,1-2 Days
975.12,1-2 Months
628.53,10-12 Days
899.91,24 Hours
481.38,2-3 Weeks
470.83,1-2 Days
657.72,24 Hours
846.68,24 Hours
873.78,10-12 Days
898.12,2-3 Weeks
749.35,3-4 Weeks
120.27,10-12 Days
422.69,24 Hours
307.08,3-4 Weeks
70.48,3-4 Weeks
20.43,5-7 Days
116.37,2-3 Weeks
341.54,24 Hours
756.23,1-2 Months
387.84,5-7 Days
149.14,1-2 Months
868.42,2-3 Weeks
484.35,1-2 Months
362.39,3-4 Weeks
960.34,1-2 Days
117.4,1-2 Months
85.92,24 Hours
95.39,1-2 Days
576.87,1-2 Days
184.62,24 Hours
779.59,5-7 Days
87.41,3-4 Weeks
393.09,1-2 Days
843.47,1-2 Days
147.49,1-2 Days
591.74,3-4 Weeks
981.79,3-4 Weeks
345.45,3-4 Weeks
21.95,1-2 Months
756.14,3-4 Weeks
390.38,10-12 Days
166.61,10-12 Days
921.08,1-2 Months
542.94,1-2 Days
756.46,3-4 Weeks
304.46,3-4 Weeks
530.6,1-2 Days
759.68,1-2 Days
203.55,3-4 Weeks
110.69,2-3 Weeks
703.23,24 Hours
960.89,24 Hours
366.56,5-7 Days
504.97,1-2 Months
87.6,1-2 Days
343.56,3-4 Weeks
193.8,2-3 Weeks
84.71,1-2 Days
90.93,10-12 Days
176.57,1-2 Days
985.9,5-7 Days
768.28,2-3 Weeks
326.77,1-2 Days
706.19,1-2 Months
747.21,10-12 Days
724.13,1-2 Days
438.55,1-2 Days
542.8,3-4 Weeks
438.31,2-3 Weeks
978.93,3-4 Weeks
173.88,1-2 Months
305.59,24 Hours
998.25,24 Hours
431.14,10-12 Days
745.2,3-4 Weeks
198.7,24 Hours
189.08,2-3 Weeks
4.11,1-2 Months
671.31,3-4 Weeks
255.33,1-2 Days
822.84,1-2 Days
429.83,2-3 Weeks
307.73,1-2 Months
140.4,3-4 Weeks
418.76,3-4 Weeks
601.48,5-7 Days
723.75,5-7 Days
530.68,24 Hours
271.38,5-7 Days
199.87,10-12 Days
267.64,10-12 Days
113.47,3-4 Weeks
535.12,1-2 Days
226.89,1-2 Days
4.54,2-3 Weeks
189.25,1-2 Months
378.11,3-4 Weeks
686.2,10-12 Days
603.72,1-2 Days
890.22,1-2 Months
460.95,2-3 Weeks
880.52,1-2 Months
957.61,10-12 Days
927.84,1-2 Months
302.11,2-3 Weeks
813.29,5-7 Days
678.51,2-3 Weeks
981.81,1-2 Days
450.47,24 Hours
173.92,1-2 Months
825.05,2-3 Weeks
412.77,1-2 Months
133.76,5-7 Days
215.28,10-12 Days
824.82,1-2 Days
378.49,1-2 Months
829.31,24 Hours
971.31,1-2 Days
862.82,5-7 Days
495.99,5-7 Days
410.89,3-4 Weeks
843.6,2-3 Weeks
595.77,1-2 Days
955.03,2-3 Weeks
405.43,1-2 Days
861.38,1-2 Days
390.5,10-12 Days
94.3,3-4 Weeks
463.02,1-2 Days
431.02,2-3 Weeks
365.57,3-4 Weeks
388.14,2-3 Weeks
546.56,5-7 Days
294.1,3-4 Weeks
386.06,3-4 Weeks
579.58,3-4 Weeks
583.3,1-2 Months
780.99,10-12 Days
135.92,24 Hours
43.53,2-3 Weeks
146.03,5-7 Days
686.8,5-7 Days
970.5,3-4 Weeks
765.47,10-12 Days
616.11,1-2 Days
328.31,1-2 Days
498.77,24 Hours
776.5,24 Hours
313.86,1-2 Days
41.08,10-12 Days
863.41,5-7 Days
896.81,1-2 Days
917.4,2-3 Weeks
289.58,1-2 Days
485.65,1-2 Days
530.92,5-7 Days
293.61,1-2 Days
407.29,1-2 Days
644.06,3-4 Weeks
324.47,2-3 Weeks
55.34,3-4 Weeks
617.63,5-7 Days
702.78,10-12 Days
47.68,5-7 Days
141.97,10-12 Days
956.86,5-7 Days
301.74,10-12 Days
969.51,24 Hours
523.54,10-12 Days
892.34,3-4 Weeks
881.74,24 Hours
794.33,5-7 Days
728.2,24 Hours
838.07,1-2 Days
869.97,24 Hours
141.05,24 Hours
557.66,24 Hours
595.16,10-12 Days
204.07,2-3 Weeks
478.05,3-4 Weeks
35.85,1-2 Months
773.57,10-12 Days
885.82,1-2 Months
145.37,24 Hours
573.79,3-4 Weeks
104.58,2-3 Weeks
813.98,10-12 Days
246.11,5-7 Days
539.55,3-4 Weeks
89.52,10-12 Days
400.91,3-4 Weeks
956.37,1-2 Days
738.08,24 Hours
299.15,24 Hours
660.47,1-2 Days
944.54,2-3 Weeks
733.21,1-2 Months
946.62,2-3 Weeks
191.57,24 Hours
416.73,1-2 Months
611.18,24 Hours
105.05,10-12 Days
106.56,5-7 Days
955.55,2-3 Weeks
501.56,2-3 Weeks
586.04,10-12 Days
532.22,5-7 Days
992.27,3-4 Weeks
836.23,24 Hours
967.76,1-2 Months
34.97,1-2 Days
801.22,5-7 Days
998.01,24 Hours
62.84,10-12 Days
755.13,5-7 Days
870.15,1-2 Days
20.76,1-2 Months
487.74,2-3 Weeks
903.97,1-2 Days
848.89,1-2 Months
358.1,1-2 Months
93.22,24 Hours
459.65,1-2 Months
135.59,1-2 Months
56.82,1-2 Days
623.27,1-2 Days
821.5,1-2 Months
558.38,3-4 Weeks
480.54,10-12 Days
796.22,2-3 Weeks
849.41,5-7 Days
962.07,1-2 Months
395.73,1-2 Days
191.53,24 Hours
815.6,1-2 Months
730.59,1-2 Months
756.55,5-7 Days
84.52,5-7 Days
631.56,1-2 Days
779.13,3-4 Weeks
668.85,5-7 Days
127.87,3-4 Weeks
9.7,1-2 Days
708.6,2-3 Weeks
933.93,5-7 Days
973.27,1-2 Months
494.31,1-2 Months
189.26,24 Hours
993.14,1-2 Months
926.15,2-3 Weeks
49.95,3-4 Weeks
457.93,1-2 Days
971.1,1-2 Months
677.31,1-2 Months
78.51,5-7 Days
810.57,3-4 Weeks
652.13,3-4 Weeks
332.46,1-2 Days
482.28,10-12 Days
324.27,1-2 Months
586.85,1-2 Days
947.77,24 Hours
564.79,24 Hours
370.41,24 Hours
886.56,3-4 Weeks
388.4,24 Hours
871.53,5-7 Days
779.9,10-12 Days
606.97,1-2 Months
171.37,5-7 Days
353,5-7 Days
597.19,24 Hours
975.02,2-3 Weeks
672.4,10-12 Days
279.92,5-7 Days
973.81,1-2 Months
514.77,1-2 Days
766.38,2-3 Weeks
546.72,2-3 Weeks
112.72,3-4 Weeks
314.86,3-4 Weeks
90.84,2-3 Weeks
190.48,2-3 Weeks
694.53,1-2 Days
216.76,1-2 Months
601.41,10-12 Days
624.42,24 Hours
693.59,1-2 Days
805.1,1-2 Months
565.14,5-7 Days
633.72,5-7 Days
501.43,3-4 Weeks
140.75,1-2 Months
319.42,5-7 Days
93.17,5-7 Days
606.33,1-2 Days
212.92,2-3 Weeks
748.83,24 Hours
2.33,10-12 Days
933.61,2-3 Weeks
809.88,24 Hours
314.53,1-2 Months
421.12,1-2 Days
381.74,1-2 Months
509.49,3-4 Weeks
343.11,1-2 Days
404.93,1-2 Days
879.72,5-7 Days
511.13,1-2 Days
484.03,10-12 Days
248.91,1-2 Months
322.88,1-2 Months
998.39,5-7 Days
47.22,1-2 Days
446.95,5-7 Days
961.96,10-12 Days
764.19,10-12 Days
7.82,10-12 Days
320.73,24 Hours
471.35,5-7 Days
341.14,1-2 Days
89.42,2-3 Weeks
187.91,10-12 Days
172.46,3-4 Weeks
118.83,1-2 Days
650.32,5-7 Days
757.25,1-2 Days
773.09,10-12 Days
100.44,24 Hours
638.72,5-7 Days
542.88,1-2 Months
161.29,24 Hours
793.16,10-12 Days
957.54,1-2 Months
662.9,24 Hours
327.85,24 Hours
871.82,10-12 Days
856.85,2-3 Weeks
216.43,24 Hours
330.36,1-2 Days
950.66,1-2 Days
659.93,1-2 Days
390.2,5-7 Days
954.63,3-4 Weeks
373.75,1-2 Months
937.03,1-2 Months
623.14,1-2 Months
104.93,10-12 Days
67.87,3-4 Weeks
650.96,5-7 Days
543.11,5-7 Days
82.34,1-2 Months
106.26,2-3 Weeks
883.68,1-2 Months
590.1,1-2 Months
512.2,1-2 Days
538.34,1-2 Months
304.04,24 Hours
538.75,10-12 Days
311.79,1-2 Days
165.39,3-4 Weeks
926.54,2-3 Weeks
869.63,10-12 Days
624.64,1-2 Months
977.11,5-7 Days
956.09,24 Hours
84.21,24 Hours
647.3,10-12 Days
871.89,2-3 Weeks
252.36,2-3 Weeks
48.9,3-4 Weeks
641.11,3-4 Weeks
451.05,3-4 Weeks
290.17,1-2 Months
229.85,3-4 Weeks
740.12,5-7 Days
291.67,3-4 Weeks
139.14,5-7 Days
597.56,1-2 Days
356.31,3-4 Weeks
667.4,2-3 Weeks
294.74,2-3 Weeks
717.9,1-2 Months
388.74,1-2 Days
198.75,2-3 Weeks
935.09,5-7 Days
3.2,5-7 Days
330.26,1-2 Days
55.48,5-7 Days
852.91,5-7 Days
826.88,1-2 Months
627.6,1-2 Months
369.49,24 Hours
525.46,24 Hours
995.51,1-2 Days
81.28,10-12 Days
982.77,5-7 Days
960.31,2-3 Weeks
556.07,3-4 Weeks
157.03,5-7 Days
637,1-2 Months
538.1,10-12 Days
640.26,3-4 Weeks
645.42,1-2 Days
553.29,1-2 Months
11.29,1-2 Months
250.06,1-2 Days
891.45,24 Hours
893.22,5-7 Days
705.75,1-2 Months
869,10-12 Days
498.34,5-7 Days
916.75,1-2 Months
426.03,1-2 Months
45.45,2-3 Weeks
439.11,2-3 Weeks
454.9,3-4 Weeks
306.53,1-2 Months
214.81,3-4 Weeks
135.23,3-4 Weeks
354.38,10-12 Days
799.27,1-2 Months
881.73,24 Hours
21.04,24 Hours
389.82,3-4 Weeks
923.46,24 Hours
268.14,5-7 Days
341.73,1-2 Days
20.89,3-4 Weeks
657.32,10-12 Days
634.65,3-4 Weeks
306.92,2-3 Weeks
656.56,10-12 Days
968.95,2-3 Weeks
566.3,5-7 Days
423.9,10-12 Days
836.18,1-2 Months
517.75,24 Hours
994.74,10-12 Days
507.99,1-2 Months
912.3,1-2 Days
716.24,10-12 Days
689.74,2-3 Weeks
884.34,1-2 Days
725.45,10-12 Days
467.95,5-7 Days
685.08,2-3 Weeks
652.39,10-12 Days
925.18,1-2 Days
232.49,2-3 Weeks
219.3,1-2 Days
941.34,3-4 Weeks
315.59,24 Hours
859.21,3-4 Weeks
829.03,24 Hours
341.09,1-2 Months
952.36,5-7 Days
729.41,2-3 Weeks
78.66,1-2 Months
887.99,24 Hours
130.61,1-2 Months
319.79,24 Hours
191.65,5-7 Days
479.71,1-2 Days
846.32,24 Hours
456.99,2-3 Weeks
796.62,24 Hours
510.74,5-7 Days
89.82,1-2 Days
47.72,1-2 Months
75.3,1-2 Months
289.6,5-7 Days
642.82,1-2 Months
10.62,5-7 Days
710.8,10-12 Days
815.55,1-2 Days
861.99,10-12 Days
939.52,3-4 Weeks
174.16,1-2 Days
66.15,3-4 Weeks
29.19,1-2 Months
65.25,10-12 Days
944.59,10-12 Days
253.24,5-7 Days
710.56,2-3 Weeks
52.52,10-12 Days
687.52,2-3 Weeks
457.96,1-2 Days
489.21,1-2 Days
171.1,1-2 Days
977.55,10-12 Days
578.16,1-2 Days
127.09,10-12 Days
653.28,10-12 Days
788.22,24 Hours
683.73,1-2 Months
142.69,2-3 Weeks
418.81,2-3 Weeks
482.01,1-2 Days
795.43,1-2 Days
466.34,2-3 Weeks
428.8,1-2 Days
503.88,24 Hours
848.42,2-3 Weeks
777.48,24 Hours
694.41,1-2 Months
90.23,1-2 Days
100.56,24 Hours
188.56,10-12 Days
680.19,10-12 Days
48.96,3-4 Weeks
629.83,5-7 Days
945.97,1-2 Months
761.85,2-3 Weeks
617.05,2-3 Weeks
324.94,2-3 Weeks
951.21,10-12 Days
33.94,10-12 Days
371.35,1-2 Days
495.69,5-7 Days
948.75,3-4 Weeks
652.92,3-4 Weeks
611.53,2-3 Weeks
813.28,3-4 Weeks
514.4,3-4 Weeks
5.08,5-7 Days
496.89,1-2 Days
492.92,24 Hours
619.32,10-12 Days
771.9,3-4 Weeks
122.34,2-3 Weeks
634.92,1-2 Days
559.38,1-2 Months
491.76,10-12 Days
626.77,2-3 Weeks
674.91,10-12 Days
555.45,1-2 Days
132.25,10-12 Days
746.55,24 Hours
726.36,2-3 Weeks
76.49,1-2 Days
321.8,1-2 Months
780.83,5-7 Days
779.03,2-3 Weeks
918.14,24 Hours
383.29,1-2 Days
851.68,5-7 Days
358.59,24 Hours
352.78,5-7 Days
39.52,3-4 Weeks
288.18,1-2 Months
874.3,5-7 Days
104.06,2-3 Weeks
425.05,2-3 Weeks
522.25,3-4 Weeks
952.59,3-4 Weeks
377.61,1-2 Days
891.57,3-4 Weeks
460.02,3-4 Weeks
700.78,5-7 Days
868.5,5-7 Days
832.67,1-2 Days
425.12,5-7 Days
476.61,5-7 Days
386.21,10-12 Days
742.36,2-3 Weeks
885.86,1-2 Days
301.06,2-3 Weeks
146.13,5-7 Days
995.4,10-12 Days
985.04,5-7 Days
276.46,2-3 Weeks
403.85,1-2 Days
966.42,2-3 Weeks
302.03,1-2 Months
800.49,10-12 Days
28.56,2-3 Weeks
343.93,1-2 Days
982.81,1-2 Months
58.25,2-3 Weeks
412.81,10-12 Days
894.3,1-2 Days
79.1,5-7 Days
278.3,2-3 Weeks
998.4,24 Hours
736.73,10-12 Days
182.42,10-12 Days
177.14,10-12 Days
319.3,3-4 Weeks
582.13,2-3 Weeks
853.31,10-12 Days
35.71,10-12 Days
635.89,3-4 Weeks
734.09,1-2 Days
583.39,3-4 Weeks
453.21,2-3 Weeks
753.3,24 Hours
147.87,24 Hours
790.72,10-12 Days
593.43,2-3 Weeks
175.71,5-7 Days
537.94,10-12 Days
358.17,24 Hours
465.27,2-3 Weeks
194.69,1-2 Days
326.45,24 Hours
647.24,1-2 Months
188.95,24 Hours
954.69,10-12 Days
978.35,1-2 Months
186.41,24 Hours
645.14,2-3 Weeks
470.2,1-2 Months
977.44,1-2 Months
859.82,3-4 Weeks
913.77,1-2 Months
274.69,1-2 Days
288.6,2-3 Weeks
958.18,5-7 Days
557,1-2 Days
257.66,1-2 Days
761.09,1-2 Months
672.07,10-12 Days
242.33,5-7 Days
679.32,10-12 Days
826.14,5-7 Days
102.49,1-2 Months
185.98,1-2 Days
871.7,1-2 Months
440.94,1-2 Days
235.57,3-4 Weeks
740.09,3-4 Weeks
364.44,24 Hours
634.38,5-7 Days
669.98,3-4 Weeks
898.83,2-3 Weeks
513.91,3-4 Weeks
97.49,5-7 Days
30.03,10-12 Days
766.27,5-7 Days
572.21,1-2 Months
555.24,3-4 Weeks
813.69,3-4 Weeks
214.12,2-3 Weeks
865.02,24 Hours
921.6,1-2 Days
982.22,24 Hours
56.12,3-4 Weeks
812.25,10-12 Days
313.88,10-12 Days
842.55,24 Hours
908.74,1-2 Days
602.76,3-4 Weeks
128.59,1-2 Months
702.65,5-7 Days
638.91,3-4 Weeks
690.04,1-2 Months
319.66,2-3 Weeks
14.62,24 Hours
793.94,5-7 Days
10.41,24 Hours
88.53,1-2 Days
491.09,10-12 Days
412.61,1-2 Months
326.37,3-4 Weeks
331.07,2-3 Weeks
816.53,3-4 Weeks
647.75,10-12 Days
293.75,1-2 Months
450.86,5-7 Days
505.96,2-3 Weeks
897.7,10-12 Days
490.11,3-4 Weeks
958.67,3-4 Weeks
166.3,5-7 Days
14.8,3-4 Weeks
646.84,10-12 Days
54.78,2-3 Weeks
810.43,2-3 Weeks
414.29,24 Hours
260.14,5-7 Days
624.37,1-2 Months
344.64,3-4 Weeks
714.07,3-4 Weeks
3.96,10-12 Days
372.35,1-2 Days
999.42,2-3 Weeks
789.27,1-2 Days
313.95,10-12 Days
269.75,10-12 Days
340.15,10-12 Days
599.75,2-3 Weeks
400.46,1-2 Days
685.24,24 Hours
716.62,24 Hours
464.9,1-2 Days
941.5,3-4 Weeks
207.87,3-4 Weeks
250.63,3-4 Weeks
748.07,24 Hours
134.74,1-2 Days
158.74,1-2 Days
25.61,3-4 Weeks
593.28,2-3 Weeks
534.56,1-2 Days
712.65,2-3 Weeks
415.09,2-3 Weeks
755.2,24 Hours
284.22,24 Hours
234.91,1-2 Months
310.59,5-7 Days
949.95,5-7 Days
99.39,24 Hours
704.84,10-12 Days
832.42,1-2 Months
550.89,10-12 Days
986.63,10-12 Days
349.11,3-4 Weeks
470.69,10-12 Days
166,3-4 Weeks
203.35,2-3 Weeks
515.82,3-4 Weeks
253.68,10-12 Days
631.22,24 Hours
560.48,24 Hours
91.48,24 Hours
291.75,1-2 Months
998.58,1-2 Days
960.86,24 Hours
527.59,3-4 Weeks
539.12,3-4 Weeks
126.52,2-3 Weeks
667,24 Hours
454.68,5-7 Days
38.11,1-2 Months
172.92,3-4 Weeks
111.41,3-4 Weeks
790.17,24 Hours
408.17,3-4 Weeks
685.05,3-4 Weeks
14.14,5-7 Days
666.6,5-7 Days
536.33,1-2 Months
381.33,1-2 Days
34.06,2-3 Weeks
378.38,2-3 Weeks
792.18,2-3 Weeks
699.02,1-2 Days
494.49,3-4 Weeks
566.48,5-7 Days
382.43,10-12 Days
616.49,3-4 Weeks
524.79,10-12 Days
975.5,3-4 Weeks
569.27,1-2 Days
586.41,5-7 Days
654.13,1-2 Months
629.55,2-3 Weeks
447.96,1-2 Days
387.85,24 Hours
81.8,1-2 Days
668.91,10-12 Days
812.3,2-3 Weeks
287.91,1-2 Months
155.37,24 Hours
943.97,1-2 Days
654.12,1-2 Days
132.68,5-7 Days
648.98,24 Hours
610.72,5-7 Days
311.4,1-2 Months
35.16,3-4 Weeks
679.82,10-12 Days
574.65,5-7 Days
905.33,5-7 Days
158.86,10-12 Days
34.24,10-12 Days
929.63,1-2 Months
503.38,1-2 Months
282.71,3-4 Weeks
291.65,3-4 Weeks
266.6,3-4 Weeks
888.7,3-4 Weeks
17.61,1-2 Months
488.87,2-3 Weeks
183.2,10-12 Days
449.48,24 Hours
512.51,3-4 Weeks
111.38,10-12 Days
97.21,1-2 Days
911.5,10-12 Days
548.64,5-7 Days
27.68,24 Hours
102.61,3-4 Weeks
315.17,3-4 Weeks
700.37,10-12 Days
285.64,10-12 Days
756.55,24 Hours
345.75,3-4 Weeks
202.76,2-3 Weeks
61.86,1-2 Days
289.12,2-3 Weeks
662.37,1-2 Months
74.05,1-2 Days
218.09,3-4 Weeks
63.33,1-2 Months
357.97,1-2 Days
641.44,24 Hours
85.86,24 Hours
831.97,5-7 Days
87.29,10-12 Days
506.16,2-3 Weeks
781.08,1-2 Days
646.6,2-3 Weeks
642.48,5-7 Days
374.32,24 Hours
797.41,24 Hours
598.23,5-7 Days
181.66,24 Hours
233.94,1-2 Days
805.06,1-2 Months
676,2-3 Weeks
193.07,10-12 Days
542.18,10-12 Days
633.14,3-4 Weeks
721.14,5-7 Days
558.43,3-4 Weeks
165.63,3-4 Weeks
868.97,1-2 Days
182.32,3-4 Weeks
398.3,24 Hours
620.84,1-2 Days
106.14,24 Hours
285.29,1-2 Months
382.08,1-2 Days
499.09,3-4 Weeks
123.05,3-4 Weeks
87.47,1-2 Months
428.59,1-2 Days
626.88,24 Hours
830.45,1-2 Months
840.27,1-2 Days
548.02,10-12 Days
437.63,1-2 Months
290.89,1-2 Days
404.84,24 Hours
397.91,24 Hours
559.94,10-12 Days
622.48,3-4 Weeks
329.55,1-2 Days
158.41,5-7 Days
542.8,24 Hours
54.65,10-12 Days
156.29,1-2 Months
120.05,5-7 Days
85.53,3-4 Weeks
702.71,10-12 Days
563.52,2-3 Weeks
95.15,5-7 Days
237.79,24 Hours
314.12,3-4 Weeks
21.96,1-2 Months
169.07,5-7 Days
97.36,1-2 Months
78.45,3-4 Weeks
294.31,5-7 Days
75.95,3-4 Weeks
20.25,3-4 Weeks
863.12,3-4 Weeks
542.34,1-2 Days
806.02,24 Hours
599.43,10-12 Days
898.3,3-4 Weeks
849.27,3-4 Weeks
378.3,5-7 Days
15.02,5-7 Days
861.15,24 Hours
118.06,1-2 Months
838.14,24 Hours
907.96,1-2 Months
826.67,2-3 Weeks
505.42,10-12 Days
191.72,2-3 Weeks
346.56,24 Hours
44.74,10-12 Days
362.86,24 Hours
411.42,5-7 Days
704.04,3-4 Weeks
301.51,1-2 Months
812.98,1-2 Days
627.82,2-3 Weeks
764.32,2-3 Weeks
816.1,10-12 Days
848.06,24 Hours
967.23,3-4 Weeks
45.16,10-12 Days
765.34,5-7 Days
785.63,10-12 Days
933.02,3-4 Weeks
104.54,1-2 Months
660.77,2-3 Weeks
412.37,1-2 Days
463.87,2-3 Weeks
748.77,5-7 Days
9.69,2-3 Weeks
820.63,24 Hours
463.22,2-3 Weeks
101.09,24 Hours
24.62,5-7 Days
148.09,24 Hours
299.99,3-4 Weeks
971.07,5-7 Days
915.45,3-4 Weeks
186.9,1-2 Days
653.31,10-12 Days
405.99,24 Hours
549.98,1-2 Months
141.86,3-4 Weeks
826.89,1-2 Days
226.56,24 Hours
769.45,24 Hours
275.6,1-2 Months
562.99,1-2 Days
478.32,1-2 Months
424.21,1-2 Months
430.7,2-3 Weeks
334.41,1-2 Days
922.56,1-2 Days
716.03,2-3 Weeks
647.24,5-7 Days
89.9,2-3 Weeks
921.17,3-4 Weeks
919.95,10-12 Days
460.52,1-2 Months
721.2,3-4 Weeks
843.55,1-2 Days
163.83,5-7 Days
793.41,2-3 Weeks
335.7,1-2 Days
524.44,5-7 Days
845.06,24 Hours
755.07,1-2 Days
348.07,3-4 Weeks
711.52,2-3 Weeks
915.43,10-12 Days
907.82,10-12 Days
931.83,3-4 Weeks
358.04,5-7 Days
858.07,1-2 Days
514.06,3-4 Weeks
676.56,3-4 Weeks
349.25,24 Hours
760.46,1-2 Days
268.45,1-2 Days
206.73,24 Hours
550.28,10-12 Days
512.58,3-4 Weeks
383.96,1-2 Months
603.86,3-4 Weeks
986.57,5-7 Days
405.73,10-12 Days
320.53,2-3 Weeks
282.28,10-12 Days
903.47,1-2 Months
214.49,24 Hours
649.75,3-4 Weeks
673.43,24 Hours
609.89,2-3 Weeks
568.43,10-12 Days
326.09,2-3 Weeks
34.4,10-12 Days
897.42,3-4 Weeks
865.99,3-4 Weeks
195.41,5-7 Days
423.22,2-3 Weeks
106.31,24 Hours
67.69,1-2 Months
21.83,10-12 Days
212.95,3-4 Weeks
331.7,24 Hours
469.88,3-4 Weeks
64.24,24 Hours
804.96,1-2 Months
192.31,10-12 Days
161.39,1-2 Days
589.01,2-3 Weeks
291.92,5-7 Days
38.9,24 Hours
782.37,1-2 Months
376.82,24 Hours
755.37,1-2 Days
378.79,24 Hours
260.16,10-12 Days
105.7,5-7 Days
343.32,2-3 Weeks
773.45,3-4 Weeks
877.45,1-2 Months
909.13,1-2 Days
773.53,5-7 Days
144.27,3-4 Weeks
401.27,5-7 Days
990.61,1-2 Months
757.57,1-2 Months
30.89,1-2 Months
439.02,10-12 Days
206.15,10-12 Days
395.57,24 Hours
671.8,2-3 Weeks
441.89,10-12 Days
167.39,1-2 Months
247.4,24 Hours
990.46,3-4 Weeks
449.65,24 Hours
392.23,1-2 Days
213.23,5-7 Days
604.07,3-4 Weeks
6.84,2-3 Weeks
19.81,24 Hours
24.03,2-3 Weeks
54.99,5-7 Days
871.74,1-2 Months
633,1-2 Days
503.96,5-7 Days
951.21,2-3 Weeks
83.21,1-2 Days
375.56,3-4 Weeks
846.99,2-3 Weeks
70.52,10-12 Days
209.36,10-12 Days
582.61,1-2 Days
720.16,2-3 Weeks
788.23,24 Hours
647.63,1-2 Days
592.88,24 Hours
644.68,1-2 Days
631.25,24 Hours
579.99,5-7 Days
393.18,2-3 Weeks
287.76,2-3 Weeks
159.4,1-2 Months
643.3,3-4 Weeks
702.53,5-7 Days
982.88,5-7 Days
81.9,10-12 Days
725.74,1-2 Days
63.82,5-7 Days
390.2,1-2 Months
991.72,2-3 Weeks
13.44,10-12 Days
619.62,1-2 Days
584.67,3-4 Weeks
979.98,5-7 Days
723.79,1-2 Months
460.65,24 Hours
29.01,10-12 Days
273.42,1-2 Months
786.33,24 Hours
21.03,3-4 Weeks
35.45,3-4 Weeks
964.03,2-3 Weeks
651.23,24 Hours
331.63,5-7 Days
691.8,1-2 Days
704.47,2-3 Weeks
923.16,10-12 Days
823.53,2-3 Weeks
234.91,1-2 Days
307.88,2-3 Weeks
112.36,1-2 Days
80.42,5-7 Days
462.46,5-7 Days
486.85,2-3 Weeks
587.6,2-3 Weeks
719.76,1-2 Months
299.23,1-2 Months
517.05,2-3 Weeks
396.63,1-2 Months
104.94,24 Hours
134.79,24 Hours
206.2,1-2 Days
43.28,1-2 Months
449.77,10-12 Days
523.68,2-3 Weeks
306.78,3-4 Weeks
542.09,5-7 Days
940.46,10-12 Days
550.98,10-12 Days
401.06,2-3 Weeks
953.75,24 Hours
421.76,24 Hours
721.54,3-4 Weeks
995.78,24 Hours
223.69,10-12 Days
305.86,24 Hours
777.74,24 Hours
322.1,1-2 Days
826.99,1-2 Days
284.83,1-2 Months
76.92,1-2 Days
41.81,10-12 Days
695.46,10-12 Days
512.58,1-2 Days
840.47,2-3 Weeks
277.17,10-12 Days
480.84,2-3 Weeks
836.62,1-2 Months
952.84,5-7 Days
20.85,24 Hours
680.92,10-12 Days
297.55,1-2 Days
876.72,3-4 Weeks
512.37,2-3 Weeks
8.03,5-7 Days
242.65,5-7 Days
796.51,10-12 Days
599.28,1-2 Months
382.74,1-2 Months
554.34,1-2 Months
331.03,2-3 Weeks
983.13,1-2 Days
43.82,3-4 Weeks
839.09,1-2 Days
885.27,24 Hours
199.38,24 Hours
906.35,2-3 Weeks
474.71,24 Hours
974.22,5-7 Days
154.01,10-12 Days
753.68,3-4 Weeks
829.79,3-4 Weeks
315.1,24 Hours
476.73,24 Hours
882.49,1-2 Days
892.77,2-3 Weeks
519.01,1-2 Days
468.87,1-2 Days
109.94,3-4 Weeks
809.75,1-2 Months
868.65,5-7 Days
380.74,1-2 Months
789.54,10-12 Days
174.41,10-12 Days
959.93,1-2 Months
506.27,3-4 Weeks
898.01,2-3 Weeks
882.98,2-3 Weeks
955.62,1-2 Days
342.79,1-2 Months
576.57,1-2 Days
87.8,3-4 Weeks
608.79,2-3 Weeks
518.92,2-3 Weeks
198.25,1-2 Months
898.04,1-2 Days
762.25,5-7 Days
263.98,2-3 Weeks
564.39,10-12 Days
200.5,5-7 Days
78.15,2-3 Weeks
211.41,5-7 Days
493.78,3-4 Weeks
936.11,1-2 Months
754.04,1-2 Months
980.51,10-12 Days
250.39,3-4 Weeks
329.19,24 Hours
150.56,3-4 Weeks
144.78,1-2 Days
707.56,5-7 Days
512.87,10-12 Days
477.46,2-3 Weeks
980.52,24 Hours
251.73,2-3 Weeks
912.1,1-2 Days
229.17,24 Hours
642.73,2-3 Weeks
62.91,3-4 Weeks
252.11,1-2 Days
82.7,1-2 Months
117.91,10-12 Days
272.32,1-2 Months
326.21,10-12 Days
788.46,1-2 Months
477.35,10-12 Days
295.53,1-2 Days
931.28,10-12 Days
956.18,1-2 Months
535.81,5-7 Days
154.83,1-2 Months
37.7,2-3 Weeks
275.65,3-4 Weeks
283.17,10-12 Days
898.21,2-3 Weeks
180.41,24 Hours
978.55,10-12 Days
948.77,24 Hours
984.65,1-2 Days
925.15,10-12 Days
11.91,1-2 Months
382.64,2-3 Weeks
216.19,1-2 Months
169.8,3-4 Weeks
326.92,10-12 Days
502.73,1-2 Months
771.47,10-12 Days
51.81,1-2 Days
805.55,5-7 Days
174.31,10-12 Days
91.82,1-2 Days
272.16,24 Hours
837.71,1-2 Months
152.69,1-2 Months
700.1,1-2 Days
957.86,5-7 Days
872.96,1-2 Months
412.27,10-12 Days
601.44,1-2 Months
139.25,1-2 Months
572.9,3-4 Weeks
211.62,1-2 Days
981.9,1-2 Days
77.89,10-12 Days
793.55,1-2 Days
527.84,2-3 Weeks
862.79,1-2 Months
1.76,24 Hours
253.72,10-12 Days
572.07,1-2 Months
547.36,24 Hours
397.68,3-4 Weeks
288.65,3-4 Weeks
387.96,5-7 Days
97.08,2-3 Weeks
559.46,1-2 Months
841.95,3-4 Weeks
243.23,1-2 Days
583.79,10-12 Days
672.91,5-7 Days
739.21,3-4 Weeks
251.21,3-4 Weeks
222.03,24 Hours
80.15,24 Hours
485.81,10-12 Days
736.41,5-7 Days
923.81,3-4 Weeks
678.11,2-3 Weeks
959.42,5-7 Days
264.5,1-2 Days
585.04,5-7 Days
777.94,3-4 Weeks
519.96,1-2 Days
556.63,5-7 Days
809.28,1-2 Months
931.54,10-12 Days
118.8,24 Hours
303.8,10-12 Days
851.09,24 Hours
617.4,24 Hours
598.73,5-7 Days
832.78,1-2 Days
185.37,1-2 Months
203.28,24 Hours
793.87,5-7 Days
243.81,10-12 Days
531.49,10-12 Days
696.65,2-3 Weeks
540.14,1-2 Months
870.53,3-4 Weeks
501.3,5-7 Days
945.02,5-7 Days
697.63,24 Hours
299.03,2-3 Weeks
290.27,5-7 Days
