l63BhaS,Logistics 
KKyW9pW,Administration 
M9qfgUe,Sales 
ceMvm57,Admin 
w0aHKtw,Skilled Trades 
dereDA1,Science 
4OM81TH,Customer Service 
8zCg9EC,Administration 
Ow1fGuG,Admin 
grqajeG,Health 
ZBv0Oij,Customer Service 
QejYKtf,Education 
AuM7reW,Education 
GeVrwGC,Human Resources 
B1UqLV0,Security 
k33FV8j,Education 
kqkNuBO,Marketing 
b1xAI92,Sales 
8ukG6ti,Sales 
ZD43TRZ,Catering 
dG1nVsb,Education 
GkHUOQD,Skilled Trades 
5znvKCD,Human Resources 
0kHGMW6,Logistics 
YJ9lP79,Construction 
vzO4p8C,Banking 
nkxas1R,Cleaning 
WUsHj13,Administration 
wKgOmum,Cleaning 
OxqJ9p8,Customer Service 
A51JNeT,Engineering 
Yi4qxt6,Human Resources 
Panpocr,IT
DQJTQ8i,Catering 
gihFRRh,Retail 
YK4qiaz,Banking 
JEN4VIw,Human Resources 
vJLUrsU,Cleaning 
e7TZ0zX,Health 
BwyPLuY,Catering 
yyjjlQU,Engineering 
jsgLOe4,Marketing 
jV4B2Ru,Manufacturing 
lLQqDRK,Cleaning 
02fTWnp,Catering 
dTsHqZr,Science 
ZwEl3sC,Construction 
b1NdGmP,Admin 
YhzSz79,IT
poot4rD,Management 
wVyBbEK,Management 
8zmtfrB,Catering 
PmKJXxY,Health 
6zNrKrQ,Cleaning 
BqoEfFF,Logistics 
Obgnmlk,Travel 
vdcGU8e,Administration 
JjMcMsC,Admin 
7GKntT9,Banking 
F6vYdKb,Cleaning 
HtBqaQp,Administration 
CuvHdt4,Science 
iEMECNe,Banking 
f6xC7um,Retail 
BJqmQjC,Retail 
TkgBQZL,Science 
U8iEW8U,Logistics 
3V0KWPV,Marketing 
X92zmvH,Management 
5OhH31M,Admin 
gquz51H,Customer Service 
lmd7io6,Manufacturing 
DTARl6K,Administration 
ijkxvGl,Human Resources 
9nK9dIv,Admin 
SVFZ0bT,Human Resources 
MsJniSQ,Finance 
y0VVfGe,Social Care
6mF2ts4,Health 
uXHlIVr,Skilled Trades 
anRUU2u,Manufacturing 
x330yEQ,Engineering 
u1EgaNA,Social Care
l9jIFpi,Catering 
DiDhc9p,Human Resources 
YrbRO3l,Finance 
QSvPJYG,Management 
63F4mn0,IT
4eUli7d,IT
U7zKMxH,Construction 
zhj5Yga,Finance 
jgW3k81,Manufacturing 
VVxwNFv,Manufacturing 
a8Jfpod,IT
h7ZnTfT,Health 
UVJFq1d,Administration 
V81FRHf,Banking 
p0qVjTJ,Management 
dPaqGPj,Logistics 
CDfTBAg,Finance 
IRuOqvL,Manufacturing 
XZvA6R6,Retail 
5hqP9a6,Cleaning 
JlZm5eD,Finance 
G5st1WW,Education 
z0mNbd9,Administration 
YlweaW2,IT
WPEMTzz,Social Care
BCBFhbA,Construction 
UtKmLjv,Banking 
Z08U0oL,Education 
IRvl4jD,Finance 
Hb4ElSS,Sales 
sJkhoAd,Education 
IakGwlf,Customer Service 
SXCNBzk,Travel 
xXZrUXr,Admin 
Y3f4isZ,Management 
SGYiSb2,Travel 
jJbsFZG,Health 
bDR8sNH,Marketing 
m1ulE5y,Security 
psEfNjD,Travel 
ifkvlme,Banking 
bbDdN2H,Engineering 
ReCBUIX,IT
lqZS24H,Marketing 
3sJMQD1,Health 
C305hpI,Finance 
VQQeXO2,Security 
GSEcec3,Construction 
ZUv5L3J,Social Care
TG8tvas,Construction 
nFEvICS,Admin 
aIXZoG1,Security 
sWB9x2Y,Engineering 
Lv7fcWB,Customer Service 
HZXvd3T,Marketing 
8FfbnqD,Catering 
jnwtbl6,Manufacturing 
IveCfi8,Marketing 
ndZGZdl,Engineering 
aiAlrh0,Management 
PpqvEEA,Customer Service 
R74RWWE,Logistics 
ybIPfX6,Skilled Trades 
UpTPG9P,Logistics 
MzXsQBC,Engineering 
FuSTm2z,Construction 
hEoqfDU,Banking 
EMQRIM5,Finance 
fz4qYy9,Education 
pRwc4Lo,Administration 
MGR5D4G,IT
43YkHXW,Social Care
L4ShtRm,Construction 
AS1D7QP,Banking 
qpQic4h,Education 
7W3wB2q,Finance 
OSsCtSn,Sales 
a6a8azt,Education 
eVemH9q,Customer Service 
wABt1cq,Travel 
HE4SV46,Admin 
lctgOus,Management 
aYlSIxj,Travel 
jfxqN50,Health 
V5OOUrY,Marketing 
z71bVoB,Security 
APnmn0h,Travel 
GOMNULt,Banking 
AA5fLAu,Engineering 
xop2Tfm,IT
DaRwxV8,Marketing 
su0nlza,Health 
oxn3R5O,Finance 
lfhiGg2,Security 
hZZX6Qw,Construction 
Xp1VvgQ,Social Care
eJ8nmo2,Construction 
z9clXyS,Admin 
9mtibtf,Security 
l9MgyRf,Engineering 
FelwcP1,Customer Service 
csdkbgC,Marketing 
kGf94F0,Catering 
vb6ID3o,Manufacturing 
6LOrVxv,Marketing 
kI9Xfwz,Engineering 
s8lrqbP,Management 
0oBUDC2,Customer Service 
1LiPXnB,Logistics 
b7HpmPp,Skilled Trades 
SMwzW9V,Logistics 
YJatL5Q,Engineering 
5TyQbeN,Catering 
pp8Ea6R,Manufacturing 
kxEZu78,Marketing 
Ynyjrdg,Engineering 
kiJJZb4,Management 
ZNbrhUE,Customer Service 
sL0RzJy,Logistics 
jICSgun,Skilled Trades 
0lDsajJ,Logistics 
pBswqDC,Engineering 
BzChDWC,Catering 
OneBLRa,Manufacturing 
lx3aFRx,Marketing 
JQKzPdj,Engineering 
pjFtnsw,Management 
RKa5xlm,Customer Service 
ZeyoNQy,Logistics 
pxnhCJL,Skilled Trades 
efK9MD5,Logistics 
dOKsVwj,Engineering 
6IS0TUI,Catering 
n5iQYS1,Manufacturing 
UgfLURs,Marketing 
g5QU49n,Engineering 
tmOGVUK,Management 
5PgE0ui,Customer Service 
XBAaFbr,Logistics 
5JPrDty,Skilled Trades 
VuE10Qb,Logistics 
wk06dAt,Engineering 
8iE00P5,Administration 
4N1XkKe,IT
hwxNQ4T,Social Care
RshLzIH,Construction 
N5RcSpG,Banking 
9pUWhtd,Education 
AijwIjd,Finance 
y2gwhAD,Sales 
AMaVGaK,Education 
Ar1UZmQ,Customer Service 
pmLL28k,Travel 
6vvaXxE,Admin 
6S4EMcZ,Management 
5Fy99up,Travel 
iLoslys,Health 
dBLLN3B,Marketing 
eLPlhm5,Security 
Sk6p2sG,Travel 
Opa24t9,Banking 
x97XuQ6,Engineering 
qSNzRaz,IT
q8v1KQu,Marketing 
DokOKt9,Health 
s9lny6b,Finance 
12ADX9G,Security 
ngutLk0,Construction 
SyqmQng,Social Care
ZYTugIL,Construction 
PmUZQFv,Admin 
OtSMEAe,Security 
YwE0Aj0,Engineering 
eVbxlE3,Customer Service 
7lgXmi9,Marketing 
ShvBRFW,Catering 
xMelj6r,Manufacturing 
agk2bnZ,Marketing 
bhQsG1t,Engineering 
LG0KpH3,Management 
HqsbUiY,Customer Service 
osW95kp,Logistics 
Sp49TNh,Skilled Trades 
ImJAveC,Logistics 
23vh4Om,Engineering 
N86WG2y,Catering 
hLjGHfQ,Manufacturing 
T5jy5q3,Marketing 
gjwi1yS,Engineering 
Lg2muw8,Management 
D8EGdBb,Customer Service 
vhyUT8X,Logistics 
sPqVrB8,Skilled Trades 
fqIb774,Logistics 
G2zU5wX,Engineering 
3cVAMx4,Catering 
qz7aJVl,Manufacturing 
2a2SQSl,Marketing 
obKFdgo,Engineering 
hYF3S1v,Management 
aCiUrsD,Customer Service 
XKSdtCX,Logistics 
dElybJL,Skilled Trades 
ffuL289,Logistics 
fRlJ36X,Engineering 
y7fVbPw,Catering 
rD3KQdo,Manufacturing 
Wnkoier,Marketing 
dykPCRY,Engineering 
Wtd7brW,Management 
vNiUeP5,Customer Service 
xZssbb2,Logistics 
O2On8Ih,Skilled Trades 
8q2beKx,Logistics 
CHdlwF1,Engineering 
frig0NY,Administration 
qwNAxQL,IT
7BYfqXO,Social Care
lezzSKd,Construction 
5GghCS4,Banking 
yXAn9jJ,Education 
dKLaQuK,Finance 
r79uQlu,Sales 
PNQld9i,Education 
JeAPybx,Customer Service 
X7MB4t3,Travel 
iBDwmSO,Admin 
amY0dK5,Management 
ZPoQ33k,Travel 
0tBdUUg,Health 
b6u11wr,Marketing 
dQipaik,Security 
Yw7n7Fd,Travel 
j7BnppA,Banking 
Jl0DTvM,Engineering 
D6xqNfr,IT
UEBRQs4,Marketing 
y4VKqTb,Health 
hcng8YO,Finance 
bgEtpVf,Security 
7onD2Rc,Construction 
mDEBTbx,Social Care
ciVlK51,Construction 
GwnQMtZ,Admin 
SZrBLJp,Security 
fEWmXrL,Engineering 
lFuFqn2,Customer Service 
dfE3KYc,Marketing 
njL8MQa,Catering 
riIpD84,Manufacturing 
MWf2gqN,Marketing 
7kcet53,Engineering 
HGzahG7,Management 
s5bDAE5,Customer Service 
Ps3ZOvM,Logistics 
AWHDbWZ,Skilled Trades 
xRRgPPc,Logistics 
8AVwSnU,Engineering 
acWSEgo,Catering 
TjgvINz,Manufacturing 
ZkGpMhF,Marketing 
dOVE2ub,Engineering 
m5dNNTZ,Management 
R5r3rcj,Customer Service 
ZrIqqCQ,Logistics 
iEx5gFN,Skilled Trades 
e6GOBtZ,Logistics 
nReQPLL,Engineering 
U4TuKWg,Catering 
DnrzAMY,Manufacturing 
WmM44wv,Marketing 
kKEKA8W,Engineering 
3LqtJdj,Management 
psxuoGZ,Customer Service 
fdlnAiD,Logistics 
qowCPPi,Skilled Trades 
YQhFPrR,Logistics 
KIN7wa6,Engineering 
kKqZeta,Catering 
ZH9vJcb,Manufacturing 
oGRv7E1,Marketing 
TFh9tKl,Engineering 
DmtgDvM,Management 
B98e32b,Customer Service 
oLXs2RZ,Logistics 
hSPKjfK,Skilled Trades 
vwMFGdH,Logistics 
hw0iwlz,Engineering 
Q2QlmCH,Administration 
zgvSq41,IT
mA1JrNK,Social Care
12IVyQP,Construction 
hzsl4OO,Banking 
VC2gyFE,Education 
vK6QDhe,Finance 
TDsIfbm,Sales 
WDXQ9AZ,Education 
mskXGwt,Customer Service 
g5EzaG7,Travel 
WP3CuDx,Admin 
NWN3lSn,Management 
HRcK24o,Travel 
y6YxjNl,Health 
dwe0Ppt,Marketing 
x2icguy,Security 
ZUjKUka,Travel 
emBm6DI,Banking 
KjzjzDr,Engineering 
Hgvb2bB,IT
BReBbsj,Marketing 
BjV4kv1,Health 
jHwJyd8,Finance 
uabJB8S,Security 
avGkSJd,Construction 
lm0WuEg,Social Care
1oLUJtx,Construction 
oj3Vd9e,Admin 
MMXNl3a,Security 
B03saYB,Engineering 
OCGj1Vy,Customer Service 
qS0U3uv,Marketing 
lNGiZv2,Catering 
9tTv4ad,Manufacturing 
rgH0Ui9,Marketing 
HXwBxhI,Engineering 
6J88mjV,Management 
fKV12RH,Customer Service 
iWmEraC,Logistics 
DPyj700,Skilled Trades 
bkDKME0,Logistics 
omw6zUf,Engineering 
WHoEVIp,Catering 
IPPan0T,Manufacturing 
ygKUVnj,Marketing 
6cc0RbD,Engineering 
tVXoG1E,Management 
E8PHsP1,Customer Service 
rPwsrG0,Logistics 
G6bzBst,Skilled Trades 
g6AgVA8,Logistics 
QWJa3UJ,Engineering 
VMI4oOC,Catering 
vbpFDTl,Manufacturing 
CQKRfX6,Marketing 
7WR2Zam,Engineering 
xFEof0c,Management 
ME0q92h,Customer Service 
BXxDZYn,Logistics 
9epkReI,Skilled Trades 
UjGKFPz,Logistics 
FC48nva,Engineering 
wE1yLf8,Catering 
F6MqNuq,Manufacturing 
fveN7kv,Marketing 
JriLaos,Engineering 
FGzlKze,Management 
ITZPyxe,Customer Service 
AL2KPjL,Logistics 
trjlU8M,Skilled Trades 
aQCZZUt,Logistics 
qmMmo5V,Engineering 
dng3VW3,Administration 
IxzgkCL,IT
8nRNFy5,Social Care
DDEWXqU,Construction 
uxYtoIb,Banking 
2WUdfnd,Education 
jMRpZDS,Finance 
fbLGmP7,Sales 
oDbtN0d,Education 
IAGUVKM,Customer Service 
kSrRU4I,Travel 
6BSTq6n,Admin 
xrWYvPa,Management 
yHPEv6n,Travel 
y6NYgDL,Health 
FzI7D1Z,Marketing 
fiISk09,Security 
GOIQwDj,Travel 
qtPhzNw,Banking 
n3oMHWy,Engineering 
RtTw4XV,IT
eeY8hUU,Marketing 
GQIM5S3,Health 
3dSfwUw,Finance 
i90EVqA,Security 
kiUC7Hm,Construction 
v4Hw9Xk,Social Care
6fdpLik,Construction 
WBrfMsC,Admin 
FIAxxOt,Security 
ri0vq0x,Engineering 
hbvmlIr,Customer Service 
ktYPJ3f,Marketing 
xxHSpF6,Catering 
Aw2jNb2,Manufacturing 
Nzw6DwO,Marketing 
0i4VIuy,Engineering 
G09ANtc,Management 
fehlLXP,Customer Service 
xFNVZBi,Logistics 
blEZGTo,Skilled Trades 
s1WGkjE,Logistics 
J1q1A1T,Engineering 
AAHWvs7,Catering 
EQ0wXhW,Manufacturing 
ZyTgW07,Marketing 
s4d4dCv,Engineering 
P25q8aM,Management 
Qe9m7IK,Customer Service 
LHjfT5v,Logistics 
lV2zuev,Skilled Trades 
DjQyWOe,Logistics 
gYNl78f,Engineering 
PSLTCYc,Catering 
55dix2Z,Manufacturing 
KFNLPmY,Marketing 
