Kreditkarte,1093.8
Debitkarte,583.1
Cash,1427.8
PayPal,1349.8
Kreditkarte,1086
Debitkarte,236.3
Cash,1349.4
PayPal,146.3
Kreditkarte,760.7
Debitkarte,419.7
Cash,1064.4
PayPal,1002.2
Kreditkarte,1302.2
Debitkarte,1323.1
Cash,1181.6
PayPal,937.4
Kreditkarte,469.9
Debitkarte,1331.5
Cash,971.8
PayPal,415.4
Kreditkarte,873.5
Debitkarte,1399.7
Cash,1289.3
PayPal,1128
Kreditkarte,1306.5
Debitkarte,750.6
Cash,1189.5
PayPal,1195.8
Kreditkarte,1295.1
Debitkarte,375.6
Cash,193.3
PayPal,1409.9
Kreditkarte,241.7
Debitkarte,1170.5
Cash,1138.1
PayPal,1021.7
Kreditkarte,238.6
Debitkarte,607.3
Cash,319.6
PayPal,1326.8
Kreditkarte,878.2
Debitkarte,782.4
Cash,471.1
PayPal,1189
Kreditkarte,1456.6
Debitkarte,1195.3
Cash,1435.1
PayPal,1365.9
Kreditkarte,1206.7
Debitkarte,813.4
Cash,746
PayPal,275.6
Kreditkarte,1499.3
Debitkarte,1354.6
Cash,543.8
PayPal,659.6
Kreditkarte,644.4
Debitkarte,679.6
Cash,248.5
PayPal,789.9
Kreditkarte,104.3
Debitkarte,1202.4
Cash,128.2
PayPal,682.1
Kreditkarte,846.9
Debitkarte,1248.1
Cash,1021.8
PayPal,359.6
Kreditkarte,1049.3
Debitkarte,474.7
Cash,1255.6
PayPal,265.2
Kreditkarte,1318.5
Debitkarte,828.9
Cash,442.6
PayPal,304.9
Kreditkarte,1119.1
Debitkarte,352.6
Cash,436.8
PayPal,165.2
Kreditkarte,591.6
Debitkarte,989.2
Cash,65.2
PayPal,1399.1
Kreditkarte,592.9
Debitkarte,1234
Cash,1086.5
PayPal,1142.6
Kreditkarte,485.3
Debitkarte,1092.5
Cash,1022.4
PayPal,890.3
Kreditkarte,91.3
Debitkarte,211.4
Cash,1265
PayPal,881.5
Kreditkarte,878.2
Debitkarte,1037.7
Cash,516.5
PayPal,1042.1
Kreditkarte,913.7
Debitkarte,791.1
Cash,1232.7
PayPal,162.7
Kreditkarte,971.3
Debitkarte,1216.3
Cash,996.3
PayPal,1048.2
Kreditkarte,665
Debitkarte,556.7
Cash,114.7
PayPal,722.7
Kreditkarte,342.7
Debitkarte,90.7
Cash,684.6
PayPal,124.8
Kreditkarte,862.5
Debitkarte,144.5
Cash,829.4
PayPal,98.6
Kreditkarte,611.3
Debitkarte,289.1
Cash,79.8
PayPal,1016.5
Kreditkarte,1274.5
Debitkarte,1133.7
Cash,748.8
PayPal,1095.7
Kreditkarte,1312
Debitkarte,391.6
Cash,466.8
PayPal,985.4
Kreditkarte,1225.8
Debitkarte,1056
Cash,824.8
PayPal,371.5
Kreditkarte,739.9
Debitkarte,409.2
Cash,38.2
PayPal,775.6
Kreditkarte,389.3
Debitkarte,1001.8
Cash,331.1
PayPal,856.8
Kreditkarte,477.3
Debitkarte,1183.9
Cash,1010
PayPal,978.1
Kreditkarte,1170.7
Debitkarte,980.6
